NUVA,NUVA label,IsAbstract,DIN,DIN label,Best,Blur,Equiv
VAC0001,ACT-HIB,False,DIN-01959034,ACT-HIB,True,1,1
VAC0002,AGRIPPAL,False,,,,,
VAC0003,AVAXIM 160 U,False,DIN-02237792,AVAXIM 160 U,True,1,1
VAC0004,D.T. POLIO MERIEUX,False,,,,,
VAC0005,DUKORAL,False,DIN-02247208,DUKORAL,True,1,1
VAC0006,FLUVIRINE,False,,,,,
VAC0007,GARDASIL,False,DIN-02283190,GARDASIL,True,1,1
VAC0008,GRIPGUARD,False,,,,,
VAC0009,HBVAXPRO 10 µg,False,,,,,
VAC0010,HBVAXPRO 40 µg,False,,,,,
VAC0011,HBVAXPRO 5 µg,False,,,,,
VAC0012,IMMUGRIP,False,,,,,
VAC0013,IMOVAX POLIO,False,DIN-01959042,IMOVAX POLIO,True,1,1
VAC0014,INFANRIX HEXA,False,DIN-02253852,INFANRIX HEXA,True,1,1
VAC0015,INFANRIXQUINTA,False,DIN-02257122,INFANRIXQUINTA,True,1,1
VAC0016,INFLUVAC,False,DIN-02269562,INFLUVAC,True,1,1
VAC0017,M-M-RVAXPRO,False,,,,,
VAC0018,MENCEVAX ACWY,False,,,,,
VAC0019,MENINGITEC,False,DIN-02248649,MENINGITEC,True,1,1
VAC0020,MENJUGATEKIT 10 µg,False,,,,,
VAC0021,MUTAGRIP,False,,,,,
VAC0022,NEISVAC,False,,,,,
VAC0023,PENTAVAC,False,,,,,
VAC0024,PNEUMO 23,False,DIN-02231259,PNEUMO 23,True,1,1
VAC0025,PREVENAR,False,,,,,
VAC0026,PREVIGRIP,False,,,,,
VAC0027,R.O.R. VAX,False,,,,,
VAC0028,RABIPUR,False,,,,,
VAC0029,REPEVAX,False,,,,,
VAC0030,REVAXIS,False,,,,,
VAC0031,ROTATEQ,False,DIN-02284413,ROTATEQ,True,1,1
VAC0032,ROUVAX,False,,,,,
VAC0033,RUDIVAX,False,,,,,
VAC0034,SPIROLEPT,False,,,,,
VAC0035,STAMARIL,False,,,,,
VAC0036,TETAGRIP,False,,,,,
VAC0037,TETRAVAC-ACELLULAIRE,False,,,,,
VAC0038,"TICOVAC 0,5 mL",False,,,,,
VAC0039,"TICOVAC 0,25 mL",False,,,,,
VAC0040,TYAVAX,False,,,,,
VAC0041,TYPHIM VI,False,DIN-02130955,TYPHIM VI,True,1,1
VAC0042,VACCIN BCG SSI,False,,,,,
VAC0043,BOOSTRIXTETRA,False,,,,,
VAC0044,CERVARIX,False,DIN-02342227,CERVARIX,True,1,1
VAC0045,ENGERIX B 10 µg,False,DIN-02296454,ENGERIX B 10 µg,True,1,2
VAC0045,ENGERIX B 10 µg,False,DIN-02487020,ENGERIX B 10 µg,True,1,2
VAC0046,ENGERIX B 20 µg,False,DIN-01919431,ENGERIX B 20 µg,True,1,2
VAC0046,ENGERIX B 20 µg,False,DIN-02487039,ENGERIX B 20 µg,True,1,2
VAC0047,FLUARIX,False,,,,,
VAC0048,GENHEVAC B PASTEUR,False,,,,,
VAC0049,HAVRIX 1440 U/1mL,False,DIN-02187078,HAVRIX 1440 U/1mL,True,1,1
VAC0050,"HAVRIX 720 U/0,5 mL",False,DIN-02231056,"HAVRIX 720 U/0,5 mL",True,1,1
VAC0051,INFANRIXTETRA,False,,,,,
VAC0052,VACCIN MENINGOCOCCIQUE A+C,False,,,,,
VAC0053,PRIORIX,False,DIN-02239208,PRIORIX,True,1,1
VAC0054,VACCIN RABIQUE PASTEUR,False,,,,,
VAC0056,VACCIN TETANIQUE PASTEUR,False,,,,,
VAC0057,TWINRIX 20 µg,False,,,,,
VAC0058,TWINRIX 10 µg,False,DIN-02230578,TWINRIX 10 µg,True,1,1
VAC0059,TYPHERIX,False,DIN-02242727,TYPHERIX,True,1,1
VAC0060,VARILRIX,False,DIN-02241047,VARILRIX,True,1,1
VAC0061,VARIVAX,False,DIN-02246081,VARIVAX,True,1,1
VAC0062,VAXIGRIP,False,DIN-02223929,VAXIGRIP,True,1,2
VAC0062,VAXIGRIP,False,DIN-02367718,VAXIGRIP,True,1,2
VAC0063,TETRACOQ,False,,,,,
VAC0064,PENTACOQ,False,,,,,
VAC0066,DTCP PASTEUR,False,,,,,
VAC0067,HAVRIX 360 U,False,,,,,
VAC0068,MONOVAX,False,,,,,
VAC0069,MENOMUNE,False,,,,,
VAC0070,DT BIS,False,,,,,
VAC0071,D.T. BIS - RUDIVAX,False,,,,,
VAC0072,JE-VAX,False,DIN-02048744,JE-VAX,True,1,1
VAC0073,IXIARO,False,DIN-02333279,IXIARO,True,1,1
VAC0074,D.T. COQ MERIEUX,False,,,,,
VAC0076,DTVax,False,,,,,
VAC0077,IMOVAX OREILLONS,False,,,,,
VAC0078,RUDI-ROUVAX,False,,,,,
VAC0079,ENCEPUR,False,,,,,
VAC0080,BCG PASTEUR,False,DIN-00075124,BCG PASTEUR,True,1,2
VAC0080,BCG PASTEUR,False,DIN-01914537,BCG PASTEUR,True,1,2
VAC0082,MENBVAC,False,,,,,
VAC0083,SYNFLORIX,False,DIN-02320541,SYNFLORIX,True,1,1
VAC0084,"H5N1 pre-pandemic influenza vaccine, unspecified",True,,,,,
VAC0085,T POLIO MERIEUX,False,,,,,
VAC0086,TETAVAX,False,,,,,
VAC0087,VAXICOQ,False,,,,,
VAC0088,"DTIPV vaccine, unspecified",True,,,,,
VAC0090,VACCIN BRUCELLIQUE P.I. à usage humain,False,,,,,
VAC0091,VACCIN CCB PASTEUR,False,,,,,
VAC0092,VACCIN CHOLERIQUE PASTEUR,False,,,,,
VAC0093,VACCIN DT TAB PASTEUR,False,,,,,
VAC0094,VACCIN SABIN POLIOVAC MERIEUX,False,,,,,
VAC0095,VACCIN TAB PASTEUR,False,,,,,
VAC0096,VACCIN GRIPPAL RONCHESE (VGR),False,,,,,
VAC0097,VACCIN LEPTOSPIRES ICTEROHEMORRAGIAE PASTEUR,False,,,,,
VAC0098,HEXAVAC,False,,,,,
VAC0099,MENINVACT,False,,,,,
VAC0101,"Hepatitis B vaccine, recombinant, unspecified",True,,,,,
VAC0102,"Inactivated hepatitis A vaccine, unspecified",True,,,,,
VAC0103,MENACTRA,False,DIN-02279924,MENACTRA,True,1,1
VAC0104,HUMENZA,False,,,,,
VAC0105,PANENZA,False,,,,,
VAC0106,Q-Pan H1N1,False,,,,,
VAC0107,CELVAPAN,False,,,,,
VAC0108,PANDEMRIX,False,,,,,
VAC0109,FOCETRIA (unidose),False,,,,,
VAC0110,"Influenza vaccine, unspecified",True,,,,,
VAC0111,"Yellow fever vaccine, unspecified",True,,,,,
VAC0112,"Typhoid vaccine, unspecified",True,,,,,
VAC0113,"Rubella vaccine, live attenuated, unspecified",True,,,,,
VAC0114,"Live attenuated measles vaccine, unspecified",True,,,,,
VAC0115,AVAXIM 80 U PEDIATRIQUE,False,DIN-02243741,AVAXIM 80 U PEDIATRIQUE,True,1,1
VAC0116,R.O.R SANOFI PASTEUR,False,,,,,
VAC0120,VACCIN VARICELLE MERIEUX,False,,,,,
VAC0121,PRIORIX-TETRA,False,DIN-02297884,PRIORIX-TETRA,True,1,1
VAC0123,PREVENAR 13,False,DIN-02335204,PREVENAR 13,True,1,1
VAC0124,FOCETRIA (multidose),False,,,,,
VAC0125,AREPANRIX,False,DIN-02401886,AREPANRIX,True,1,1
VAC0126,HEVAC B,False,,,,,
VAC0127,HB VAX DNA 5 µg,False,,,,,
VAC0128,HB VAX DNA 10 µg,False,,,,,
VAC0129,HB VAX DNA 40 µg,False,,,,,
VAC0130,"MMR vaccine, live attenuated, unspecified",True,,,,,
VAC0131,"Rabies vaccine, unspecified",True,,,,,
VAC0132,"Tetanus vaccine, unspecified",True,,,,,
VAC0133,"Smallpox vaccine, unspecified",True,,,,,
VAC0134,"BCG vaccine, unspecified",True,,,,,
VAC0135,"Polio vaccine, unspecified",True,,,,,
VAC0136,"DTwP - Diphtheria-Tetanus-Pertussis, unspecified",True,,,,,
VAC0137,"DT vaccine, unspecified",True,,,,,
VAC0138,"Diphtheria-Tetanus-Pertussis-Polio vaccine, unspecified",True,,,,,
VAC0139,PENT-HIBEST,False,,,,,
VAC0140,INTANZA,False,DIN-02348756,INTANZA,True,1,2
VAC0140,INTANZA,False,DIN-02348764,INTANZA,True,1,2
VAC0141,MENVEO,False,DIN-02347393,MENVEO,True,1,1
VAC0143,"Haemophilus influenzae B (or Hib) vaccine, unspecified",True,,,,,
VAC0144,"Cholera vaccine, unspecified",True,,,,,
VAC0145,"Tick-borne encephalitis vaccine, unspecified",True,,,,,
VAC0146,"Live attenuated Japanese Encephalitis vaccine 14-14-2 strain, unspecified",True,,,,,
VAC0147,"Influenza A(H1N1)2009 vaccine, unspecified",True,,,,,
VAC0148,"Leptospirosis vaccine, unspecified",True,,,,,
VAC0149,"Meningococcal B:14:P1.7,16 vaccine, unspecified",True,,,,,
VAC0150,"Meningococcal conjugate vaccine C, unspecified",True,,,,,
VAC0151,"Meningococcal A + C vaccine, unspecified",True,,,,,
VAC0152,"Unconjugated meningococcal vaccine ACWY, unspecified",True,,,,,
VAC0153,"Mumps vaccine, unspecified",True,,,,,
VAC0154,"Malaria vaccine, unspecified",True,,,,,
VAC0155,"Dengue vaccine, unspecified",True,,,,,
VAC0156,HPV Vaccine,True,,,,,
VAC0157,"Pneumococcal vaccine, unspecified",True,,,,,
VAC0158,"Rotavirus vaccine, unspecified",True,,,,,
VAC0159,"Chickenpox vaccine, unspecified",True,,,,,
VAC0160,"Live attenuated shingles vaccine, unspecified",True,,,,,
VAC0161,ZOSTAVAX,False,DIN-02315939,ZOSTAVAX,True,1,2
VAC0161,ZOSTAVAX,False,DIN-02375516,ZOSTAVAX,True,1,2
VAC0162,"Brucellosis vaccine, unspecified",True,,,,,
VAC0163,"Whole-cell inactivated pertussis vaccine, unspecified",True,,,,,
VAC0164,INTANZA 9 µg,False,,,,,
VAC0165,"VAQTA 25 U/0,5 mL",False,,,,,
VAC0166,VAQTA 50 U,False,DIN-02229702,VAQTA 50 U,True,1,1
VAC0168,AMBIRIX,False,,,,,
VAC0169,OPTAFLU,False,,,,,
VAC0170,AFLUNOV,False,,,,,
VAC0171,PREPANDEMIC INFLUENZA VACCINE (H5N1) NOVARTIS,False,,,,,
VAC0172,DIFTAVAX,False,,,,,
VAC0173,FLUENZ,False,,,,,
VAC0174,PROQUAD,False,DIN-02399229,PROQUAD,True,1,1
VAC0175,A.D.T. BOOSTER,False,,,,,
VAC0176,A.K.D.S.,False,,,,,
VAC0177,AC VAX,False,,,,,
VAC0178,ACEL-IMUNE,False,,,,,
VAC0179,ACELLULAR D.P.T. KOVAX,False,,,,,
VAC0180,ACTACEL,False,,,,,
VAC0182,ADACEL,False,DIN-02240255,ADACEL,True,1,1
VAC0183,AIMMUGEN,False,,,,,
VAC0184,ALDIANA,False,,,,,
VAC0185,ALDITEANA,False,,,,,
VAC0186,ALDITERPERA,False,,,,,
VAC0187,AMARIL,False,,,,,
VAC0188,QUIMI-HIB,False,,,,,
VAC0189,ANADIFTERALL,False,,,,,
VAC0190,ANATETALL,False,,,,,
VAC0191,ARILVAX,False,,,,,
VAC0192,ATTENUVAX,False,,,,,
VAC0193,"AVAC-1, AVA",False,,,,,
VAC0194,B-CAPSA,False,,,,,
VAC0195,BEGRIVAC,False,,,,,
VAC0196,BIAVAX,False,,,,,
VAC0197,BIAVAX II,False,,,,,
VAC0198,BIKEN-HB,False,,,,,
VAC0199,BIMMUGEN,False,,,,,
VAC0200,BIOTHRAX,False,DIN-02483386,BIOTHRAX,True,1,1
VAC0201,BIVIRATEN BERNA,False,,,,,
VAC0202,BVAC,False,,,,,
VAC0203,C.D.T.,False,,,,,
VAC0204,CAM-KOVAX,False,,,,,
VAC0205,CD.JEVAX,False,,,,,
VAC0206,CELLUVAX,False,,,,,
VAC0207,CENDEVAX,False,,,,,
VAC0208,CERTIVA,False,,,,,
VAC0209,COMVAX,False,,,,,
VAC0210,D.S.D.P.T.,False,,,,,
VAC0211,DAPTACEL,False,,,,,
VAC0212,DI TE PER POL IMPFSTOFF,False,,,,,
VAC0213,DI-TE-POL,False,,,,,
VAC0214,DIF-TET-ALL,False,,,,,
VAC0216,ANATOXAL DI TE,False,,,,,
VAC0217,DITOXIM,False,,,,,
VAC0218,DOUBLE ANIGEN B.,False,,,,,
VAC0219,DRYVAX,False,,,,,
VAC0220,DT MERIEUX,False,,,,,
VAC0222,TRIPVAC,False,,,,,
VAC0223,DUAL ANTIGEN SII,False,,,,,
VAC0224,ECOLARIX,False,,,,,
VAC0225,EIPV,False,,,,,
VAC0226,"Diptheria, Tetanus and Acellular Pertussis Combined Walvax vaccine",False,,,,,
VAC0227,EPAXAL,False,DIN-02239910,EPAXAL,True,1,1
VAC0228,ERVEVAX RA 27/3,False,,,,,
VAC0229,FLU SHIELD,False,,,,,
VAC0230,FLUAD,False,DIN-02362384,FLUAD,True,1,1
VAC0231,FLUKOVAX,False,,,,,
VAC0232,FLULAVAL,False,,,,,
VAC0233,FLUMIST,False,DIN-02352621,FLUMIST,True,1,2
VAC0233,FLUMIST,False,DIN-02426544,FLUMIST,True,1,2
VAC0234,FLUOGEN,False,,,,,
VAC0235,FLUVIRIN,False,,,,,
VAC0236,FLUZONE HIGH-DOSE,False,DIN-00539260,FLUZONE HIGH-DOSE,True,1,2
VAC0236,FLUZONE HIGH-DOSE,False,DIN-02445646,FLUZONE HIGH-DOSE,True,1,2
VAC0238,FUNED-CEME,False,,,,,
VAC0240,GUNEVAX,False,,,,,
VAC0241,HAEMOPHILUS INFLUENZAE B CONJUGATE VACCINE - SERUM INSTITUTE OF INDIA,False,,,,,
VAC0242,HBY,False,,,,,
VAC0243,HEPA-B INJECTION,False,,,,,
VAC0244,HEPRECOMB,False,,,,,
VAC0245,HEPTAVAX B,False,,,,,
VAC0246,HIBERNA PRODUCTSIX,False,,,,,
VAC0247,HIBTITER,False,,,,,
VAC0248,HINKUYS KAROKOE,False,,,,,
VAC0249,RUBELLA VACCINE HPV-77,False,,,,,
VAC0251,HUMOTET-ANTI TETANUS,False,,,,,
VAC0252,VAXIGRIP ENFANTS,False,,,,,
VAC0253,VAXIRAB N,False,,,,,
VAC0254,IMOVAX D.T.,False,,,,,
VAC0255,IMOVAX GRIPPE,False,,,,,
VAC0256,IMOVAX MUMPS,False,,,,,
VAC0257,IMOVAX PAROTIDITIS,False,,,,,
VAC0258,IMOVAX R.O.R.,False,,,,,
VAC0259,IMOVAX Rabies,False,DIN-01908286,IMOVAX Rabies,True,1,1
VAC0260,IMOVAX Rabies I.D.,False,,,,,
VAC0261,IMOVAX RAGE,False,,,,,
VAC0262,IMOVAX RUBEOLA,False,,,,,
VAC0263,IMOVAX SARAMPION,False,,,,,
VAC0264,INFANRIX,False,,,,,
VAC0265,INFLU-KOVAX,False,,,,,
VAC0266,INFLUENZA HA VACCINE KOVAX,False,,,,,
VAC0267,IPAD TP,False,,,,,
VAC0268,IPOL,False,,,,,
VAC0270,"Inactivated Polio vaccine, unspecified",True,,,,,
VAC0271,ISTIVAC,False,,,,,
VAC0272,KAKSOISROKOTE DUBBELVACCIN,False,,,,,
VAC0273,KIKHOSTE-VAKSINE,False,,,,,
VAC0274,LANCY VAXINA,False,,,,,
VAC0275,LAVANTUU TIROKOTE,False,,,,,
VAC0276,LIOVAX,False,,,,,
VAC0277,LIRUBEL,False,,,,,
VAC0278,LIRUGEN,False,,,,,
VAC0280,MUMPS-MEASLES VACCINE MICROGEN,False,,,,,
VAC0281,LM - 3 RIT,False,,,,,
VAC0282,LTEANAS IMUNA,False,,,,,
VAC0283,LYMERIX,False,,,,,
VAC0284,LYOVAC ATTENUVAX,False,,,,,
VAC0285,LYOVAC MERUVAX,False,,,,,
VAC0286,M-M-R II,False,DIN-00466085,M-M-R II,True,1,1
VAC0287,M-R VAX,False,,,,,
VAC0288,M-R VAX II,False,,,,,
VAC0289,M-VAX PFIZER,False,,,,,
VAC0290,MASERN-IMPFSTOFF SSW,False,,,,,
VAC0291,MEASLES VACCINE AIK-C STRAIN POLYVAC,False,,,,,
VAC0292,MEASLES VACCINE DK3,False,,,,,
VAC0293,MENAFRIVAC,False,,,,,
VAC0294,MENCEVAX A,False,,,,,
VAC0295,MENOMUNE-A/C/Y/W-135,False,DIN-01959018,MENOMUNE-A/C/Y/W-135,True,1,2
VAC0295,MENOMUNE-A/C/Y/W-135,False,DIN-02161184,MENOMUNE-A/C/Y/W-135,True,1,2
VAC0296,MENPOVAX 4 A+C+Y+W135,False,,,,,
VAC0297,MENPOVAX A+C,False,,,,,
VAC0298,MERUVAX,False,,,,,
VAC0299,MERUVAX II,False,,,,,
VAC0300,MEVILIN-L,False,,,,,
VAC0301,MMR,False,,,,,
VAC0303,MONIARIX,False,,,,,
VAC0304,MOPAVAC SEVAC,False,,,,,
VAC0305,MOPV,False,,,,,
VAC0306,MORBILVAX,False,,,,,
VAC0307,MORUBEL,False,,,,,
VAC0308,MORUMAN BERNA PRODUCTS,False,,,,,
VAC0309,MORUPAR,False,,,,,
VAC0310,MOVIVAC,False,,,,,
VAC0311,MUMATEN BERNA PRODUCTSNA,False,,,,,
VAC0312,MUMPS LIVE,False,,,,,
VAC0313,MUMPS inactivated,False,,,,,
VAC0315,MUMPSVAX,False,,,,,
VAC0317,NABI-HB,False,,,,,
VAC0318,NOTHAV,False,,,,,
VAC0319,OMNIHIB,False,,,,,
VAC0320,"OPV 1-2-3, unspecified",True,,,,,
VAC0321,ORIMUNE,False,,,,,
VAC0322,PARIORIX,False,,,,,
VAC0323,PAVIVAC-SEVAC,False,,,,,
VAC0324,"Pneumococcal conjugate vaccine, 7 valent, unspecified",True,,,,,
VAC0325,PEDIARIX,False,,,,,
VAC0326,PEDVAXHIB,False,DIN-02235721,PEDVAXHIB,True,1,1
VAC0327,PENTA,False,,,,,
VAC0328,PENTACEL,False,DIN-02231343,PENTACEL,True,1,1
VAC0330,PENTACT-HIB,False,,,,,
VAC0332,PENTAVALENTE,False,,,,,
VAC0333,PFIZER VAX-MEASLES K INACTIVATED,False,,,,,
VAC0334,PFIZER VAX-MEASLES L,False,,,,,
VAC0335,PLUSERIX,False,,,,,
VAC0336,PNEUMOVAX,False,DIN-00431648,PNEUMOVAX,True,1,2
VAC0336,PNEUMOVAX,False,DIN-02436442,PNEUMOVAX,True,1,2
VAC0337,PNU-IMUNE 23,False,,,,,
VAC0338,POLIACEL,False,,,,,
VAC0339,"Pneumococcal polysaccharide vaccine 23-valent, unspecified",True,,,,,
VAC0341,PREVNAR,False,DIN-02244081,PREVNAR,True,1,1
VAC0343,ProHIBiT,False,,,,,
VAC0344,"PRP-OMP Hib vaccine, unspecified",True,,,,,
VAC0345,"Hib PRP-T conjugated vaccine, unspecified",True,,,,,
VAC0346,PURIVAX,False,,,,,
VAC0347,QUADRACEL,False,DIN-02230946,QUADRACEL,True,1,1
VAC0348,QUADRACEL/HIBEST,False,,,,,
VAC0349,QUADRIGEN,False,,,,,
VAC0350,QUATRO-VIRELON,False,,,,,
VAC0351,QUINTUPLE,False,,,,,
VAC0352,R-HB VACCINE,False,,,,,
VAC0353,R-VAC,False,,,,,
VAC0354,RA27/3,False,,,,,
VAC0355,RABAVERT,False,DIN-02267667,RABAVERT,True,1,1
VAC0356,RECOMBIVAX HB PÉDIATRIQUE,False,DIN-01934023,RECOMBIVAX HB PÉDIATRIQUE,True,1,3
VAC0356,RECOMBIVAX HB PÉDIATRIQUE,False,DIN-02243676,RECOMBIVAX HB PÉDIATRIQUE,True,1,3
VAC0356,RECOMBIVAX HB PÉDIATRIQUE,False,DIN-02245977,RECOMBIVAX HB PÉDIATRIQUE,True,1,3
VAC0357,"RESPIGAM, RSV-IVIG",False,,,,,
VAC0358,"Rabies immunoglobulin human origin, unspecified",True,,,,,
VAC0359,RIMEVAX,False,,,,,
VAC0360,RIMPARIX,False,,,,,
VAC0361,RIT - LM-2,False,,,,,
VAC0362,RIT - LM-3,False,,,,,
VAC0363,ROTASHIELD,False,,,,,
VAC0364,RUBEATEN BERNA PRODUCTS,False,,,,,
VAC0365,RUBELLA VACCINE MICROGEN,False,,,,,
VAC0366,RUBELLA-KOVAX,False,,,,,
VAC0367,RUBELLOVAC,False,,,,,
VAC0368,RUBELOGEN,False,,,,,
VAC0369,RUBEOVAX,False,,,,,
VAC0370,RVA RABIES VACCINE ABSORBED BIOPORT,False,,,,,
VAC0371,POLIO SABIN GSK,False,,,,,
VAC0372,SAHIA,False,,,,,
VAC0373,SALK,False,,,,,
VAC0374,SANDOVAC,False,,,,,
VAC0375,SEROBACTERIN,False,,,,,
VAC0376,SHANCHOL,False,,,,,
VAC0377,TRIPLE ANTIGEN SII,False,,,,,
VAC0378,SYNAGIS 100 mg (PALIZIVUMAB),False,DIN-02438364,SYNAGIS 100 mg (PALIZIVUMAB),True,1,1
VAC0379,T-IMMUN,False,,,,,
VAC0380,"T.Polio, unspecified",True,,,,,
VAC0382,"Tetanus diphtheria vaccine, unspecified",True,,,,,
VAC0383,ANATOXAL TE,False,,,,,
VAC0384,TE/VAC/PTAP,False,,,,,
VAC0385,TELVACLPTAP,False,,,,,
VAC0386,TETAMYN,False,,,,,
VAC0387,TETANOL,False,,,,,
VAC0388,TETASORBAT SSW,False,,,,,
VAC0389,TETAMUN SSW,False,,,,,
VAC0390,TETRACT-HIB,False,,,,,
VAC0391,TETRAMUNE,False,,,,,
VAC0392,TETRAVAX,False,,,,,
VAC0393,TICE BCG,False,,,,,
VAC0394,TIG,False,,,,,
VAC0395,TITIFICA,False,,,,,
VAC0396,BIOPOLIO,False,,,,,
VAC0397,TRESIVAC LYOPHILIZED,False,,,,,
VAC0398,TRI-IMMUNOL,False,,,,,
VAC0399,TRIACEL,False,,,,,
VAC0400,TRIACELLUVAX,False,,,,,
VAC0401,TRIHIBIT,False,,,,,
VAC0403,TRINIVAC,False,,,,,
VAC0404,TRIPACEL,False,DIN-02230273,TRIPACEL,True,1,1
VAC0405,TRIPEDIA,False,,,,,
VAC0407,TRIPLE,False,,,,,
VAC0408,TRIPLE ANTIGEN,False,,,,,
VAC0409,TRIPLE SABIN,False,,,,,
VAC0410,TRIPLE VIRAL,False,,,,,
VAC0411,TRIVACUNA LETI,False,,,,,
VAC0412,TRIVAX,False,,,,,
VAC0413,TRIVAX-AD,False,,,,,
VAC0414,TRIVAX-HIB,False,,,,,
VAC0415,TRIVB,False,,,,,
VAC0416,TRIVIRATEN,False,,,,,
VAC0417,TRIVIVAC SEVAC,False,,,,,
VAC0418,TRIVIVAC Y,False,,,,,
VAC0419,SHANTT,False,,,,,
VAC0420,BIO-TT,False,,,,,
VAC0421,TUSSITRUPIN FORTE,False,,,,,
VAC0423,TWINRIX JUNIOR,False,DIN-02237548,TWINRIX JUNIOR,True,1,1
VAC0424,"Live attenuated oral typhoid vaccine, unspecified",True,,,,,
VAC0425,TYNE,False,,,,,
VAC0426,TYPHOID VACCINE WYETH,False,,,,,
VAC0427,TYPHOID-KOVAX,False,,,,,
VAC0428,VA-MENGOC-BC,False,,,,,
VAC0429,VACCIN COMBINAT DIFTERO-TETANIC,False,,,,,
VAC0430,VACCIN DIFTERIC ADSORBIT,False,,,,,
VAC0431,VACCINUM MORBILLORUM VIVUM,False,,,,,
VAC0432,VACINA DUPLA,False,,,,,
VAC0433,VACINA TRIPLICE,False,,,,,
VAC0434,VACINA TRIPLICE VIRAL,False,,,,,
VAC0435,VAKSIN CACAR,False,,,,,
VAC0436,VAKSIN CAMPAK KERING,False,,,,,
VAC0437,VAKSIN KOTIPA,False,,,,,
VAC0438,VAKSIN SERAP,False,,,,,
VAC0439,VAMOAVAX,False,,,,,
VAC0441,SKYVARICELLA INJ,False,,,,,
VAC0442,VARICELLON,False,,,,,
VAC0443,SEVAC VARIE,False,,,,,
VAC0444,VAXEM-HIB,False,,,,,
VAC0445,VAXIPAR,False,,,,,
VAC0446,VCDT,False,,,,,
VAC0447,VDA VACCIN DIFTERIC ADSORBIT,False,,,,,
VAC0448,VICPS (TYPHIM VI),False,,,,,
VAC0449,VIRELON T 20,False,,,,,
VAC0450,"VIROVAC MASSLING, PEROTID, RUBELLA",False,,,,,
VAC0451,VIVOTIF,False,DIN-00885975,VIVOTIF,True,1,1
VAC0452,VT (VACINA TRIPLICE),False,,,,,
VAC0453,VTV (VACINA TRIPLICE VIRAL),False,,,,,
VAC0454,VVR CANTACUZINO,False,,,,,
VAC0456,WELLTRIVAX TRIVALENTE,False,,,,,
VAC0457,YF-VAX,False,DIN-00428833,YF-VAX,True,1,1
VAC0458,ZAANTIDE antitoxin,False,,,,,
VAC0459,ZAANTITE,False,,,,,
VAC0460,ZADITEADVAX,False,,,,,
VAC0461,ZADITEVAX,False,,,,,
VAC0462,ZAMEVAX A+C,False,,,,,
VAC0463,ZAMOVAX,False,,,,,
VAC0464,ZAMRUVAX,False,,,,,
VAC0465,ZARUVAX,False,,,,,
VAC0466,ZATETRAVAX,False,,,,,
VAC0467,ZATEVAX,False,,,,,
VAC0468,ZATRIBAVAX,False,,,,,
VAC0469,ZATRIVAX,False,,,,,
VAC0470,QUINVAXEM,False,,,,,
VAC0471,HEPAVAX-GENE B 20 µg,False,,,,,
VAC0472,PREPANDRIX,False,,,,,
VAC0473,PRE-PANDEMIC INFLUENZA VACCINE H5N1,False,,,,,
VAC0474,DARONRIX,False,,,,,
VAC0475,FOCLIVIA,False,,,,,
VAC0476,PANDEMIC INFLUENZA VACCINE H5N1 BAXTER,False,,,,,
VAC0477,PUMARIX,False,,,,,
VAC0478,COVAXIS,False,,,,,
VAC0479,TRIAXIS,False,,,,,
VAC0480,FENDRIX,False,,,,,
VAC0481,TRIVIVAX,False,,,,,
VAC0482,VEPACEL,False,,,,,
VAC0483,FLUAD PAEDIATRICS,False,DIN-02434881,FLUAD PAEDIATRICS,True,1,1
VAC0484,RABIVAX-S,False,,,,,
VAC0485,TETAGAM P (immunoglobuline),False,,,,,
VAC0486,NIMENRIX,False,DIN-02402904,NIMENRIX,True,1,1
VAC0487,MENHIBRIX,False,,,,,
VAC0488,PENTAXIM,False,,,,,
VAC0489,TRIMOVAX,False,,,,,
VAC0490,KINRIX,False,,,,,
VAC0491,TENIVAC,False,,,,,
VAC0492,AFLURIA,False,,,,,
VAC0494,TRITANRIX HepB,False,,,,,
VAC0495,BEXSERO,False,DIN-02417030,BEXSERO,True,1,1
VAC0496,GAMMATETANOS (immunoglobuline),False,,,,,
VAC0497,"Tetanus immunoglobulin, unspecified",True,,,,,
VAC0498,IMOGAM RAGE,False,DIN-02237328,IMOGAM RAGE,True,1,1
VAC0499,BENIRAB (immunoglobuline),False,,,,,
VAC0500,FAVIRAB,False,,,,,
VAC0501,EQUIRAB (immunoglobuline),False,,,,,
VAC0502,"Rabies immunoglobulin, unspecified",True,,,,,
VAC0503,"Rabies immunoglobulin equine origin, unspecified",True,,,,,
VAC0504,INFANRIX POLIO HIB NOURRISSONS,False,,,,,
VAC0505,HIBEST,False,,,,,
VAC0506,"Pentavalent DTaPHibIPV vaccine, unspecified",True,,,,,
VAC0507,HEXACIMA,False,,,,,
VAC0508,JEEV 3 µg,False,,,,,
VAC0509,BIKEN,False,,,,,
VAC0510,HEXYON,False,,,,,
VAC0511,SILGARD,False,,,,,
VAC0512,"Typhus vaccine, unspecified",True,,,,,
VAC0513,HEPATYRIX,False,,,,,
VAC0514,ROTARIX,False,DIN-02300591,ROTARIX,True,1,1
VAC0515,INFANRIX-POLIO,False,,,,,
VAC0516,ABHAYRAB,False,,,,,
VAC0517,FLUARIXTETRA,False,,,,,
VAC0518,STAMARIL (multidose),False,,,,,
VAC0520,IMVANEX,False,,,,,
VAC0521,FLUENZ TETRA,False,,,,,
VAC0523,GARDASIL 9,False,DIN-02437058,GARDASIL 9,True,1,1
VAC0524,TEVAX,False,,,,,
VAC0525,INFANRIX PENTA,False,,,,,
VAC0526,HECOLIN,False,,,,,
VAC0527,VACCIN DIPHTERIQUE ET TETANIQUE ADSORBE,False,,,,,
VAC0528,MOSQUIRIX,False,,,,,
VAC0529,IMOVAX TETANO,False,,,,,
VAC0530,TETANOL PUR,False,,,,,
VAC0531,TETANOS ADSORBE MERIEUX,False,,,,,
VAC0532,TETANUS VACCIN,False,,,,,
VAC0534,MENJUGATE 10 µg,False,DIN-02243820,MENJUGATE 10 µg,True,1,2
VAC0534,MENJUGATE 10 µg,False,DIN-02440709,MENJUGATE 10 µg,True,1,2
VAC0535,VAXELIS,False,,,,,
VAC0538,VACCIN BCG BIOMED-LUBLIN,False,,,,,
VAC0539,DENGVAXIA,False,,,,,
VAC0540,IPAD T,False,,,,,
VAC0541,BOOSTRIX,False,DIN-02247600,BOOSTRIX,True,1,1
VAC0542,Vaccin D.T.P. Pasteur,False,,,,,
VAC0543,HEXAXIM,False,,,,,
VAC0544,TETRAXIM,False,,,,,
VAC0545,EUVAX B 20 µg,False,,,,,
VAC0546,DULTAVAX,False,,,,,
VAC0549,"dTIPV - Diphtheria-Tetanus-Polio, low dose, unspecified",True,,,,,
VAC0550,"Measles-Rubella vaccine, unspecified",True,,,,,
VAC0551,"DTaPIPV vaccine, standard dose, unspecified",True,,,,,
VAC0552,"Hexavalent vaccine DTPCaHibHepB - Diphtheria-Tetanus-Polio-Acellular Pertussis-Hib-HepB, unspecified",True,,,,,
VAC0553,"Pentavalent DTwPHibIPV vaccine, unspecified",True,,,,,
VAC0554,PEDIACEL,False,DIN-02243167,PEDIACEL,True,1,1
VAC0555,COMBACT-HIB,False,,,,,
VAC0556,MENITORIX,False,,,,,
VAC0560,VAXIGRIPTETRA,False,,,,,
VAC0561,IMOJEV,False,,,,,
VAC0562,INFLUVAC TETRA,False,DIN-02484854,INFLUVAC TETRA,True,1,1
VAC0563,ALPHA-RIX-TETRA,False,,,,,
VAC0566,PNEUMOCOCCAL POLYSACCHARIDE VACCINE MSD,False,,,,,
VAC0567,SHINGRIX,False,DIN-02468425,SHINGRIX,True,1,1
VAC0568,BOOSTRIX-POLIO,False,DIN-02312557,BOOSTRIX-POLIO,True,1,1
VAC0569,INFANRIX-IPV,False,DIN-02241284,INFANRIX-IPV,True,1,1
VAC0570,HIBERIX,False,DIN-02239200,HIBERIX,True,1,1
VAC0573,AGRIFLU,False,DIN-02346850,AGRIFLU,True,1,2
VAC0573,AGRIFLU,False,DIN-02428881,AGRIFLU,True,1,2
VAC0574,Td POLIO ADSORBED,False,DIN-00615358,Td POLIO ADSORBED,True,1,1
VAC0575,FSME-IMMUN,False,,,,,
VAC0576,FLUVIRAL,False,DIN-02420686,FLUVIRAL,True,1,1
VAC0577,TRIPACEL HYBRID,False,DIN-02224143,TRIPACEL HYBRID,True,1,1
VAC0578,INFANRIX-HIB,False,,,,,
VAC0579,CLAIRYG 50 mg/mL,False,,,,,
VAC0580,CLAIRYG,False,,,,,
VAC0582,TRUMENBA,False,DIN-02468751,TRUMENBA,True,1,1
VAC0585,"TdapIPV - Diphtheria-Tetanus-Pertussis-Polio vaccine, low dose, unspecified",True,,,,,
VAC0586,ERVEBO,False,,,,,
VAC0590,VACCIN BCG AJVACCINES,False,,,,,
VAC0591,VIVAXIM,False,DIN-02248361,VIVAXIM,True,1,1
VAC0592,SPEEDA,False,,,,,
VAC0593,VERORAB,False,,,,,
VAC0594,MENQUADFI,False,,,,,
VAC0595,FLUCELVAX TETRA,False,DIN-02494248,FLUCELVAX TETRA,True,1,1
VAC0596,"DTaPHibHepB pentavalent vaccine, unspecified",True,,,,,
VAC0598,"DTwPHibHepB pentavalent vaccine, unspecified",True,,,,,
VAC0599,"DTPerHibHepB pentavalent vaccine, unspecified",True,,,,,
VAC0600,"OPV bivalent 1-3, unspecified",True,,,,,
VAC0601,"DPT Diphtheria-Pertussis-Tetanus vaccine, unspecified",True,,,,,
VAC0602,"DTaP - Diphtheria-Tetanus-Pertussis vaccine, standard dose, unspecified",True,,,,,
VAC0603,COMVAC3,False,,,,,
VAC0610,"Tdap - Diphtheria-Tetanus-Pertussis vaccine, low dose, unspecified",True,,,,,
VAC0611,SHAN-5,False,,,,,
VAC0612,DTP-vax FINLAY,False,,,,,
VAC0613,BORYUNG DTap VACCINE,False,,,,,
VAC0614,TDAPBOOSTER AJ VACCINES,False,,,,,
VAC0615,VACCIN T.P. PASTEUR,False,,,,,
VAC0620,IXCHIQ,False,,,,,
VAC0621,MENC VACCINE FUNED,False,,,,,
VAC0622,EOLARIX,False,,,,,
VAC0623,"Measles-mumps vaccine, unspecified",True,,,,,
VAC0624,M-M-Vax,False,,,,,
VAC0625,MORATEN,False,,,,,
VAC0626,MoRu Viraten,False,,,,,
VAC0627,MORUMAN,False,,,,,
VAC0628,Immravax,False,,,,,
VAC0631,MENINVACTKIT,False,,,,,
VAC0632,OPVERO,False,,,,,
VAC0633,ZABDENO,False,,,,,
VAC0634,MVABEA,False,,,,,
VAC0635,PREFLUCEL,False,,,,,
VAC0636,FLUMIST QUADRIVALENT,False,,,,,
VAC0637,IPAD DT,False,,,,,
VAC0638,IPAD POLIO,False,,,,,
VAC0639,ADACEL POLIO,False,DIN-02352044,ADACEL POLIO,True,1,1
VAC0640,TRITANRIX HepB+Hib,False,,,,,
VAC0641,GLOBORIX,False,,,,,
VAC0642,FLUZONE HIGH-DOSE QUADRIVALENT,False,DIN-02500523,FLUZONE HIGH-DOSE QUADRIVALENT,True,1,1
VAC0643,"Meningococcal ACWY conjugate vaccine, unspecified",True,,,,,
VAC0644,QDENGA,False,,,,,
VAC0645,IMMU ORR,False,,,,,
VAC0646,CECOLIN,False,,,,,
VAC0647,ROTASIIL,False,,,,,
VAC0648,"COVID-19 vaccine, unspecified",True,,,,,
VAC0649,EFLUELDA TETRA,False,,,,,
VAC0650,VAXZEVRIA ASTRAZENECA,False,DIN-02510847,VAXZEVRIA ASTRAZENECA,True,1,1
VAC0651,CORONAVAC COVID-19 VACCINE,False,,,,,
VAC0652,CONVIDECIA,False,,,,,
VAC0653,"Hepatitis A + Hepatitis B vaccine Child, unspecified",True,,,,,
VAC0654,"Hepatitis A + Hepatitis B vaccine Adult, unspecified",True,,,,,
VAC0655,"Diphtheria vaccine, unspecified",True,,,,,
VAC0656,"SPIKEVAX 0,2 mg/mL MODERNA",False,DIN-02510014,"SPIKEVAX 0,2 mg/mL MODERNA",True,1,1
VAC0657,SINOPHARM WUHAN COVID-19 VACCINE,False,,,,,
VAC0658,COMIRNATY 30 µg BIONTECH-PFIZER,False,DIN-02509210,COMIRNATY 30 µg BIONTECH-PFIZER,True,1,1
VAC0659,ZIFIVAX ANHUI COVID-19 VACCINE,False,,,,,
VAC0660,CHINESE-IMB-INACTIVATED-COVID,False,,,,,
VAC0661,INOVIO-DNA-COVID,False,,,,,
VAC0662,OSAKA-DNA-COVID / AG0301-COVID19,False,,,,,
VAC0663,CADILA-DNA-COVID,False,,,,,
VAC0664,GX-19-DNA-Covid,False,,,,,
VAC0665,COVAXIN BHARAT BIOTECH COVID-19 VACCINE,False,,,,,
VAC0666,JCOVDEN (ancien nom : JANSSEN COVID-19 VACCINE),False,DIN-02513153,JCOVDEN (ancien nom : JANSSEN COVID-19 VACCINE),True,1,1
VAC0667,NUVAXOVID,False,DIN-02525364,NUVAXOVID,True,1,1
VAC0668,KENTUCKY-RBD-COVID,False,,,,,
VAC0669,ARCTURUS-RNA-COVID,False,,,,,
VAC0670,SPOUTNIK V,False,,,,,
VAC0671,CLOVER-SPIKE-SCB-2019-COVID,False,,,,,
VAC0672,VAXINE-SPIKE-COVID,False,,,,,
VAC0673,QUEENSLAND-SPIKE-MF59-COVID,False,,,,,
VAC0674,PASTEUR-MSD MEASLES VECTOR COVID,False,,,,,
VAC0675,IMPERIAL-COLLEGE-RNA-COVID,False,,,,,
VAC0676,CUREVAC-RNA-COVID,False,,,,,
VAC0677,CHINESE-PLA-ARN-Covid,False,,,,,
VAC0678,Medicago-VLP-Covid,False,,,,,
VAC0679,MEDIGEN-S-2P-CpH1018-COVID,False,,,,,
VAC0680,COVILO SINOPHARM COVID-19 VACCINE,False,,,,,
VAC0681,GRAD-COV2 COVID-19 VACCINE REITHERA,False,,,,,
VAC0682,FLUQUADRI,False,,,,,
VAC0683,EpiVacCorona,False,,,,,
VAC0684,QAZVAC,False,,,,,
VAC0685,VIDPREVTYN BETA,False,,,,,
VAC0686,MULTI-PEPTIDE-pVAC-COVID,False,,,,,
VAC0687,UB-612 COVID-19 Vaccine,False,,,,,
VAC0688,INTRANASAL FLU-BASED RBD DelNS1-2019-nCoV-RBD-OPT1 COVID-19 Vaccine,False,,,,,
VAC0689,CHINESE-RECOMBINANT-Sf9-COVID,False,,,,,
VAC0690,CHINESE-AD5-NCOV-COVID,False,,,,,
VAC0691,FINLAY-FR-1,False,,,,,
VAC0692,COVAXX,False,,,,,
VAC0693,VXA-COV2-1-COVID,False,,,,,
VAC0694,LMU-MVA-SARS-2-S-COVID,False,,,,,
VAC0695,RBD-HBsAg-VLPs-Covid,False,,,,,
VAC0696,KCONVAC MINHAI COVID-19 VACCINE,False,,,,,
VAC0697,V590 (COVID-19),False,,,,,
VAC0698,hAd5-COVID-19,False,,,,,
VAC0699,IIBR's RECOMBINANT VSV-DeltaG-spike VACCINE,False,,,,,
VAC0701,BACTRL-SPIKE,False,,,,,
VAC0702,RRBD PRODUCED IN CHO-CELL CHEMICALLY CONJUGATE TO TETANUS TOXOID,False,,,,,
VAC0703,ADJUVANTED PROTEIN SUBUNIT (RBD),False,,,,,
VAC0705,INFLUSPLIT TETRA,False,,,,,
VAC0706,FLUZONE QUADRIVALENT,False,DIN-02420643,FLUZONE QUADRIVALENT,True,1,2
VAC0706,FLUZONE QUADRIVALENT,False,DIN-02432730,FLUZONE QUADRIVALENT,True,1,2
VAC0707,CORONAVIRUS SARS-CoV-2 INACTIVÉ,False,,,,,
VAC0708,CORVAX12,False,,,,,
VAC0709,COVI-VAC,False,,,,,
VAC0710,COVID-19 mRNA VACCINE BNT162b2,False,,,,,
VAC0711,"Typhoid conjugate vaccine, unspecified",True,,,,,
VAC0712,"Typhoid-hepatitis A vaccine, unspecified",True,,,,,
VAC0713,"Typhoid polysaccharide vaccine, unspecified",True,,,,,
VAC0714,"VACCIN CONTRE LA COVID-19 (INACTIVE, AVEC ADJUVANT) VALNEVA",False,,,,,
VAC0715,ERUCOV-VAC,False,,,,,
VAC0716,SARS-COV-2-RBD-FC FUSION PROTEIN,False,,,,,
VAC0717,CIGB-669,False,,,,,
VAC0718,CIGB-66,False,,,,,
VAC0719,NANOCOVAX,False,,,,,
VAC0720,S-268019,False,,,,,
VAC0721,ADIMRSC-2F,False,,,,,
VAC0722,COVIGENIX VAX-001,False,,,,,
VAC0723,GLS-5310,False,,,,,
VAC0724,CHULACOV19,False,,,,,
VAC0725,COH04S1,False,,,,,
VAC0726,ADCOVID,False,,,,,
VAC0727,ADCLD-COV19,False,,,,,
VAC0728,aAPC COVID-19 VACCINE,False,,,,,
VAC0729,LV-SMENP-DC vaccine,False,,,,,
VAC0730,DENDRITIC CELL AV-COVID-19 VACCINE,False,,,,,
VAC0731,DITANRIX,False,,,,,
VAC0732,COVAC-1 - COVAC-2,False,,,,,
VAC0733,HEPLISAV-B,False,,,,,
VAC0734,POLIO BOOSTRIX,False,,,,,
VAC0735,POLIOINFANRIX,False,,,,,
VAC0736,TRIAXIS POLIO,False,,,,,
VAC0737,GBP510,False,,,,,
VAC0739,RAZI COV PARS,False,,,,,
VAC0740,PTX-COVID19-B,False,,,,,
VAC0741,COVID-EVAX,False,,,,,
VAC0742,COVIGEN,False,,,,,
VAC0743,BBV154,False,,,,,
VAC0744,COVID-19 INACTIVATED VACCINE,False,,,,,
VAC0745,MF59 ADJUVANTED SARS-CoV-2 SCLAMP VACCINE,False,,,,,
VAC0752,COVISHIELD,False,DIN-02512947,COVISHIELD,True,1,1
VAC0753,INACTIVATED SARS-COV-2 VACCINE FAKHRAVAC (MIVAC),False,,,,,
VAC0754,INACTIVATED KOCAK-19 INAKTIF ADJUVANT COVID-19 VACCINE,False,,,,,
VAC0755,ADJUVANTED INACTIVATED VACCINE AGAINST SARS-CoV-2,False,,,,,
VAC0756,MV-014-212,False,,,,,
VAC0757,NBP 2001,False,,,,,
VAC0758,SPFN COVID 19 VACCINE + AFLQ,False,,,,,
VAC0759,EUCORVAC-19,False,,,,,
VAC0760,RECOV,False,,,,,
VAC0761,V-01,False,,,,,
VAC0762,COV2 SAM (LNP) VACCINE,False,,,,,
VAC0763,mRNA-1273.351,False,,,,,
VAC0764,MRT5500,False,,,,,
VAC0765,DS-5670a,False,,,,,
VAC0766,HDT-301,False,,,,,
VAC0767,ChAdV68 SAM-LNP rS-TCE GRITSTONE ONCOLOGY COVID-19 VACCINE,False,,,,,
VAC0768,COVIVAC,False,,,,,
VAC0769,SC-Ad6-1,False,,,,,
VAC0770,NDV-HXP-S,False,,,,,
VAC0771,VBI-2902a,False,,,,,
VAC0772,SARS-CoV-2 VLP Vaccine,False,,,,,
VAC0773,ABNCoV2,False,,,,,
VAC0774,"FSME-IMMUN 0,25 mL",False,,,,,
VAC0775,"DTwPHib, unspecified",True,,,,,
VAC0776,TETRABIK,False,,,,,
VAC0777,ADJUPANRIX,False,,,,,
VAC0778,VAXCHORA,False,,,,,
VAC0779,BATREVAC,False,,,,,
VAC0780,VAXNEUVANCE,False,,,,,
VAC0781,RABIVAC,False,,,,,
VAC0782,RASILVAX,False,,,,,
VAC0783,R-COVI,False,,,,,
VAC0784,PERTAGEN,False,,,,,
VAC0785,BOOSTAGEN,False,,,,,
VAC0786,PREVNAR 20,False,,,,,
VAC0787,"Diphtheria-Tetanus-Rubella, unspecified",True,,,,,
VAC0788,"Hib-IPV, unspecified",True,,,,,
VAC0789,COMVAC4,False,,,,,
VAC0790,"Diphtheria-Tetanus-Hepatitis B vaccine, unspecified",True,,,,,
VAC0791,"Hexavalent vaccine DTPerHibPHepB - Diphtheria-Tetanus-Pertussis-Polio-Hib-Hepatitis B vaccine, unspecified",True,,,,,
VAC0792,"Diphtheria-Tetanus-Pertussis-Polio-Hepatitis B pentavalent vaccine, unspecified",True,,,,,
VAC0793,TETADIF,False,,,,,
VAC0794,"T-igT, unspecified",True,,,,,
VAC0795,"Acellular pertussis vaccine, unspecified",True,,,,,
VAC0796,"Pertussis vaccine, unspecified",True,,,,,
VAC0797,"Diph-T-aP/ap, unspecified",True,,,,,
VAC0798,"Hib-MeningoC vaccine, unspecified",True,,,,,
VAC0799,"DT-Hib vaccine, unspecified",True,,,,,
VAC0800,"Diphtheria-tetanus-pertussis-Hib vaccine, unspecified",True,,,,,
VAC0801,"HepB-Hib, unspecified",True,,,,,
VAC0802,"Monovalent oral polio vaccine - type unknown, unspecified",True,,,,,
VAC0803,Polio Sabin One and Three GSK,False,,,,,
VAC0804,"Anthrax vaccine, unspecified",True,,,,,
VAC0805,"Whole-cell inactivated cholera vaccine, unspecified",True,,,,,
VAC0806,"Live attenuated cholera vaccine, unspecified",True,,,,,
VAC0807,"Cholera-Typhoid inactivated vaccine, unspecified",True,,,,,
VAC0808,"Hib-MenCY, unspecified",True,,,,,
VAC0809,"Meningococcal monovalent polysaccharide vaccine, unspecified",True,,,,,
VAC0810,"Meningococcal polyvalent polysaccharide vaccine, unspecified",True,,,,,
VAC0811,"Meningococcal B vaccine, unspecified",True,,,,,
VAC0812,"Inactivated whole plague vaccine, unspecified",True,,,,,
VAC0813,"Pneumococcal unconjugated polysaccharide vaccine, unspecified",True,,,,,
VAC0814,"Pneumococcal conjugate vaccine, serotypes unspecified",True,,,,,
VAC0815,"Pneumo-Hib, unspecified",True,,,,,
VAC0816,PEDATYPH,False,,,,,
VAC0817,"Inactivated Typhoid vaccine, unspecified",True,,,,,
VAC0818,"Typhoid-Paratyphoid vaccine, unspecified",True,,,,,
VAC0819,"Inactivated Japanese Encephalitis vaccine, unspecified",True,,,,,
VAC0820,"Inactivated whole influenza vaccine, unspecified",True,,,,,
VAC0821,"Inactivated influenza vaccine, split or subunit, unspecified",True,,,,,
VAC0822,"Influenza vaccine, live attenuated, unspecified",True,,,,,
VAC0823,"VLP influenza vaccine, unspecified",True,,,,,
VAC0824,"Hepatitis A virosome vaccine, unspecified",True,,,,,
VAC0825,"Combined hepatitis A and hepatitis B vaccine, unspecified",True,,,,,
VAC0826,MEASLES AND RUBELLA VACCINE SII,False,,,,,
VAC0827,"MMRV - Measles-Mumps-Rubella-Varicella vaccine, unspecified",True,,,,,
VAC0828,"Rotavirus pentavalent vaccine, unspecified",True,,,,,
VAC0829,"Rubella-Mumps vaccine, unspecified",True,,,,,
VAC0830,"Subunit shingles vaccine, unspecified",True,,,,,
VAC0831,"Ebola vaccine, unspecified",True,,,,,
VAC0832,"Herpes Simplex vaccine, unspecified",True,,,,,
VAC0833,COMIRNATY 10 µg BIONTECH-PFIZER,False,DIN-02522454,COMIRNATY 10 µg BIONTECH-PFIZER,True,1,1
VAC0835,FIOCRUZ COVID-19 VACCINE,False,,,,,
VAC0836,FLUAD TETRA,False,,,,,
VAC0837,COVOVAX SII,False,,,,,
VAC0838,COVOVAX NOVAVAX,False,,,,,
VAC0839,"Inactivated whole-cell brucella vaccine, unspecified",True,,,,,
VAC0840,ADDIGRIP,False,,,,,
VAC0841,"INFLUVAC 0,25 mL",False,,,,,
VAC0842,NEORABIS,False,,,,,
VAC0843,NOVIRAB,False,,,,,
VAC0844,VERORABVAX,False,,,,,
VAC0845,VACCIN POLIOMYELITIQUE ORAL PRODUIT SUR CELLULES VERO MERIEUX,False,,,,,
VAC0846,VACCIN POLIOMYELITIQUE ORAL BIVALENT TYPES 1 et 3,False,,,,,
VAC0847,VACCIN PNEUMOCOCCIQUE SARBACH,False,,,,,
VAC0848,VACCIN BCG INSTITUT MERIEUX,False,,,,,
VAC0849,"Tularemia vaccine, unspecified",True,,,,,
VAC0850,NEISVAC-C,False,DIN-02245057,NEISVAC-C,True,1,1
VAC0851,POLIO SABIN MONO TWO (ORAL) GSK,False,,,,,
VAC0852,"mOPV2 Sabin monovalent oral polio vaccine type 2, unspecified",True,,,,,
VAC0853,"mOPV1 Sabin monovalent oral polio vaccine type 1, unspecified",True,,,,,
VAC0854,"mOPV3 Sabin monovalent oral polio vaccine type 3, unspecified",True,,,,,
VAC0855,"Diphtheria-Tetanus-Polio vaccine, unspecified",True,,,,,
VAC0856,"DTaPHib vaccine, unspecified",True,,,,,
VAC0857,"Diphtheria-Tetanus-Pertussis-Hepatitis B vaccine, unspecified",True,,,,,
VAC0858,"HPV vaccine bivalent, unspecified",True,,,,,
VAC0859,"HPV vaccine quadrivalent, unspecified",True,,,,,
VAC0860,"HPV vaccine nonavalent, unspecified",True,,,,,
VAC0861,"Multicomponent meningococcal B vaccine, unspecified",True,,,,,
VAC0862,"Measles immunoglobulin, unspecified",True,,,,,
VAC0863,"Hepatitis B immunoglobulin, unspecified",True,,,,,
VAC0864,"Varicella-Zoster immunoglobulin, unspecified",True,,,,,
VAC0865,"Polysaccharide meningococcal A vaccine, unspecified",True,,,,,
VAC0866,"Meningococcal conjugate vaccine A, unspecified",True,,,,,
VAC0867,"Diphtheria antitoxin, unspecified",True,,,,,
VAC0868,MENPOVAX A,False,,,,,
VAC0869,MENPOVAX C,False,,,,,
VAC0870,TYPBAR,False,,,,,
VAC0871,SUPEMTEK TETRA,False,,,,,
VAC0872,INFLUPOZZI SUBUNITA,False,,,,,
VAC0873,INFLUPOZZI ADIUVATO,False,,,,,
VAC0874,INNOFLU,False,,,,,
VAC0875,PANDEMIC INFLUENZA VACCINE H5N1 ASTRAZENECA,False,,,,,
VAC0876,CINQUERIX,False,,,,,
VAC0877,INFANRIX HEPB,False,,,,,
VAC0878,TRITANRIX,False,,,,,
VAC0879,ACELLUVAX,False,,,,,
VAC0880,"Pentavalent Diphtheria-Tetanus-Pertussis-Hib-Polio (DTPerHibIPV) vaccine, unspecified",True,,,,,
VAC0881,"Live attenuated Japanese Encephalitis vaccine, unspecified",True,,,,,
VAC0882,CANDID 1,False,,,,,
VAC0883,ENTEROVACCINO TIFICO SCLAVO,False,,,,,
VAC0884,DIF-PER-TET-ALL CHIRON,False,,,,,
VAC0885,INFLUPOZZI ZONALE,False,,,,,
VAC0886,MONO OPV1,False,,,,,
VAC0887,POLIORAL,False,,,,,
VAC0888,QUATTVAXEM,False,,,,,
VAC0889,MONO OPV3,False,,,,,
VAC0890,NEOTYF,False,,,,,
VAC0891,PNEUMOPUR,False,,,,,
VAC0892,POLIOVAX-IN,False,,,,,
VAC0893,VACCINO ANTICOLERICO SCLAVO,False,,,,,
VAC0894,"Adenovirus vaccine, unspecified",True,,,,,
VAC0895,"Venezuelan Equine Encephalitis Vaccine, Unspecified",True,,,,,
VAC0896,"Q fever vaccine, unspecified",True,,,,,
VAC0897,"Hantavirus vaccine, unspecified",True,,,,,
VAC0898,"Leishmaniasis vaccine, unspecified",True,,,,,
VAC0899,"Human Parainfluenza Virus Vaccine, unspecified",True,,,,,
VAC0900,PREVENAR 20,False,,,,,
VAC0901,MENCEVAX ACW,False,,,,,
VAC0902,"Rabies vaccine Semple type, unspecified",True,,,,,
VAC0903,"Rabies vaccine Fuenzalida type, unspecified",True,,,,,
VAC0904,"Rabies duck embryo vaccine, unspecified",True,,,,,
VAC0905,"Rabies vaccine PHKCV, unspecified",True,,,,,
VAC0906,"Shingles vaccine, unspecified",True,,,,,
VAC0907,"Vaccine against adenovirus type 4, unspecified",True,,,,,
VAC0908,"Vaccine against adenovirus type 7, unspecified",True,,,,,
VAC0909,Botulinum antitoxin,True,,,,,
VAC0910,"Inactivated hepatitis A vaccine, adult dose, unspecified",True,,,,,
VAC0911,"Hepatitis A whole inactivated vaccine, monovalent, pediatric dose, unspecified",True,,,,,
VAC0912,"Hepatitis A vaccine, pediatric dose, unspecified",True,,,,,
VAC0913,BIMERVAX,False,,,,,
VAC0914,"Hepatitis B vaccine, monovalent, pediatric dose, unspecified",True,,,,,
VAC0915,"Hepatitis B vaccine, monovalent, adult dose, unspecified",True,,,,,
VAC0916,"Hepatitis B vaccine, monovalent, dialysis patient dosage, unspecified",True,,,,,
VAC0917,"Hepatitis E vaccine, unspecified",True,,,,,
VAC0918,"PRP-D Hib vaccine, unspecified",True,,,,,
VAC0919,"Hib hbOC vaccine, unspecified",True,,,,,
VAC0920,"Diphtheria-tetanus Td vaccine, unspecified",True,,,,,
VAC0921,"Japanese encephalitis vaccine, unspecified",True,,,,,
VAC0922,"Live attenuated adenovirus vaccine, type 4 and type 7, oral",True,,,,,
VAC0923,"Respiratory Syncytial Virus monoclonal antibody, unspecified",True,,,,,
VAC0924,FLUZONE INTRADERMAL,False,,,,,
VAC0925,"Trivalent inactivated influenza vaccine, unspecified",True,,,,,
VAC0926,FLUCELVAX,False,,,,,
VAC0927,"COVID-19 mRNA vaccine, paediatric dose, unspecified",True,,,,,
VAC0928,"Live attenuated Hepatitis A vaccine, unspecified",True,,,,,
VAC0929,"Influenza quadrivalent inactivated vaccine, pediatric dose, unspecified",True,,,,,
VAC0930,AD5-NCOV COVID-19 INHALATION VACCINE,False,,,,,
VAC0931,FLUBLOK QUADRIVALENT,False,,,,,
VAC0932,"Quadrivalent recombinant influenza vaccine, unspecified",True,,,,,
VAC0933,"TICOVAC 2,7µg",False,,,,,
VAC0934,VACCIN OREILLONS AVENTIS PASTEUR MSD,False,,,,,
VAC0935,VACCIN RABIQUE INACTIVE MERIEUX,False,,,,,
VAC0936,VACCIN PNEUMOCOCCIQUE POLYOSIDIQUE AVENTIS PASTEUR MSD,False,,,,,
VAC0937,"Botulism vaccine, unspecified",True,,,,,
VAC0938,"Quadrivalent influenza vaccine, unspecified",True,,,,,
VAC0939,PREHEVBRIO,False,,,,,
VAC0940,SPUTNIK-LIGHT,False,,,,,
VAC0941,"Immunoglobulin against anthrax, unspecified",True,,,,,
VAC0942,"Chicken embryo rabies vaccine, unspecified",True,,,,,
VAC0943,"Rabies vaccine diploid cells, unspecified",True,,,,,
VAC0944,"Inactivated whole virion oral cholera vaccine, unspecified",True,,,,,
VAC0945,"Meningococcal vaccine serogroup unknown, unspecified",True,,,,,
VAC0946,TYPHIDRALL,False,,,,,
VAC0947,IMMU-PHILUS,False,,,,,
VAC0948,BACITHRAX,False,,,,,
VAC0949,IMOVAX BCG,False,,,,,
VAC0950,IMOVAX DTP,False,,,,,
VAC0951,IMOVAX POLIO ORALE,False,,,,,
VAC0952,IMOVAX COLERA,False,,,,,
VAC0953,PROCOMVAX,False,,,,,
VAC0954,JAPANESE ENCEPHALITIS VACCINE,False,,,,,
VAC0955,PULMOVAX,False,,,,,
VAC0956,VACCINO COLERICO BERNA,False,,,,,
VAC0957,VACCINO BCG BERNA,False,,,,,
VAC0958,ADIUGRIP,False,,,,,
VAC0959,STREPTOPUR,False,,,,,
VAC0960,VIATIM,False,,,,,
VAC0961,ANATOXAL TE N,False,,,,,
VAC0962,ANATOXAL DI TE N ADULT,False,,,,,
VAC0963,ANATOXAL DI TE PER,False,,,,,
VAC0964,ANATOXAL DI,False,,,,,
VAC0965,ANATOXAL TE TAB,False,,,,,
VAC0966,JYNNEOS,False,,,,,
VAC0967,HEPASOMA,False,,,,,
VAC0968,INFLEXAL V,False,,,,,
VAC0969,LYSSAVAC N BERNA,False,,,,,
VAC0970,TETATOX,False,,,,,
VAC0971,VACCINO ANTIVAIOLOSO LANCY,False,,,,,
VAC0972,VIROFLUSOMA,False,,,,,
VAC0973,VIROFLU,False,,,,,
VAC0974,MENCEVAX AC,False,,,,,
VAC0975,PERTURIX,False,,,,,
VAC0976,VACCINO ANTICOLERICO ISI,False,,,,,
VAC0977,ENTEROVACCINO ISI,False,,,,,
VAC0978,VAC.DIFTO TETANO ISI,False,,,,,
VAC0979,VACCINO ANTITETANICO ISI,False,,,,,
VAC0980,VAC.DPT ISI,False,,,,,
VAC0981,VACCINO PERTOSSE ISI,False,,,,,
VAC0982,VACCINO TIFICO ISI,False,,,,,
VAC0983,VACCINO ANTIPOL ISI,False,,,,,
VAC0984,VACCINO ANTIVAIOLOSO ISI,False,,,,,
VAC0985,VACCINO TAB TE ISI,False,,,,,
VAC0986,H ATETAL ISI,False,,,,,
VAC0987,TANRIX,False,,,,,
VAC0988,VACCINO MENINGOCOCCICO POLISACCARIDICO TETRAVALENTE GSK,False,,,,,
VAC0989,HANTAVAX,False,,,,,
VAC0990,ALPHARIX,False,,,,,
VAC0991,FLULAVAL QUADRIVALENT,False,DIN-02420783,FLULAVAL QUADRIVALENT,True,1,1
VAC0992,AFLURIA QUADRIVALENT,False,DIN-02473283,AFLURIA QUADRIVALENT,True,1,1
VAC0993,TD ADSORBED,False,DIN-00514462,TD ADSORBED,True,1,1
VAC0994,VARIVAX II,False,,,,,
VAC0995,IMVAMUNE,False,,,,,
VAC0996,ACAM2000,False,,,,,
VAC0997,"Pneumococcal 13-valent conjugate vaccine, unspecified",True,,,,,
VAC0998,LC16,False,,,,,
VAC0999,WETVAX APSV,False,,,,,
VAC1000,VACV VACCINIA VIRUS LISTER ELSTREE,False,,,,,
VAC1001,V4020 VEEV VACCINE,False,,,,,
VAC1002,Q-VAX,False,,,,,
VAC1003,TEDIVAX PRO ADULTO,False,,,,,
VAC1004,TEDIVAX,False,,,,,
VAC1005,REVAC-B PLUS ADULT VACCINE,False,,,,,
VAC1006,SHANVAC B,False,,,,,
VAC1007,ISTIVAC4,False,,,,,
VAC1008,DITEMER,False,,,,,
VAC1009,TETAMER,False,,,,,
VAC1010,TRIAMER,False,,,,,
VAC1011,DITEKIBOOSTER,False,,,,,
VAC1012,PICOVAX,False,,,,,
VAC1013,FLUBLOK TRIVALENT,False,,,,,
VAC1014,PROVARIVAX,False,,,,,
VAC1015,COMBIVAX,False,,,,,
VAC1016,IDFLU,False,,,,,
VAC1017,SPIKEVAX BIVALENT ORIGINAL/OMICRON BA.1 (50 µg/50 µg)/mL MULTIDOSE MODERNA,False,,,,,
VAC1018,NOORA VACCINE,False,,,,,
VAC1019,"SPIKEVAX 0,1 mg/mL MODERNA",False,,,,,
VAC1020,VACCIN HEPATITE A AVENTIS PASTEUR MSD,False,,,,,
VAC1021,COMIRNATY ORIGINAL/OMICRON BA.1 (15/15 µg) BIONTECH-PFIZER,False,,,,,
VAC1022,COMIRNATY 3 µg 6 MOIS-4 ANS BIONTECH-PFIZER,False,,,,,
VAC1023,COMIRNATY ORIGINAL/OMICRON BA.4-5 (15/15 µg) BIONTECH-PFIZER,False,,,,,
VAC1024,SPIKEVAX BIVALENT ORIGINAL/OMICRON BA.4-5 (50 µg/50 µg)/mL MODERNA,False,,,,,
VAC1025,CORBEVAX,False,,,,,
VAC1026,SOBERANA 02 FINLAY-FR-2 COVID-19 VACCINE,False,,,,,
VAC1027,KOVIVAC CHUMAKOV COVID-19 VACCINE,False,,,,,
VAC1028,RECOMBIVAX HB DIALYSÉ,False,,,,,
VAC1029,QUINTANRIX,False,,,,,
VAC1030,GEMCOVAC-19,False,,,,,
VAC1031,SPIKEVAX 50 µg MONODOSE MODERNA,False,,,,,
VAC1032,SPIKEVAX BIVALENT ORIGINAL/OMICRON BA.1 (25 µg/25 µg) MODERNA,False,,,,,
VAC1033,COMIRNATY ORIGINAL/OMICRON BA.4-5 (5/5 µg) BIONTECH-PFIZER,False,,,,,
VAC1034,HEBERBIOVAC B 10 µg,False,,,,,
VAC1035,HEBERBIOVAC HB 20 µg,False,,,,,
VAC1036,SPIKEVAX BIVALENT ORIGINAL/OMICRON BA.4-5 25 µg/25 µg MODERNA,False,,,,,
VAC1037,"Tick-borne encephalitis vaccine, Neudörfl strain, paediatric dose, unspecified",True,,,,,
VAC1038,"Tick-borne encephalitis vaccine, Neudörfl strain, adult dose, unspecified",True,,,,,
VAC1039,"COVID-19 mRNA vaccine, original virus, 50 µg, unspecified",True,,,,,
VAC1040,AREXVY,False,,,,,
VAC1041,"COVID-19 mRNA vaccine, unspecified",True,,,,,
VAC1042,"COVID-19 vaccine, non-replicating viral vector, unspecified",True,,,,,
VAC1043,"COVID-19 vaccine, protein subunit, unspecified",True,,,,,
VAC1044,"COVID-19 vaccine, whole virion inactivated, unspecified",True,,,,,
VAC1045,INFANRIX-IPV/HIB,False,,,,,
VAC1046,BEYFORTUS 50 MG (NIRSEVIMAB),False,,,,,
VAC1047,ABRYSVO,False,,,,,
VAC1048,DECAVAC,False,,,,,
VAC1049,TDVAX,False,,,,,
VAC1050,BEYFORTUS 100 MG (NIRSEVIMAB),False,,,,,
VAC1051,PFIZER COMIRNATY-30 XBB.1.5,False,,,,,
VAC1052,PFIZER COMIRNATY-10 XBB.1.5,False,,,,,
VAC1053,PFIZER COMIRNATY-3 XBB.1.5,False,,,,,
VAC1054,"COMIRNATY ORIGINAL/OMICRON BA.4-5 (1,5/1,5 µg)",False,,,,,
VAC1055,NUVAXOVID XBB.1.5,False,,,,,
VAC1056,R21/MATRIX-M,False,,,,,
VAC1057,ENGERIX B JUNIOR,False,,,,,
VAC1058,"SPIKEVAX XBB.1.5 0,1 mg/mL dose 50 µg MODERNA",False,,,,,
VAC1059,"SPIKEVAX XBB.1.5 0,1 mg/mL dose 25 µg MODERNA",False,,,,,
VAC1060,SPIKEVAX XBB.1.5 50 µg MODERNA,False,,,,,
VAC1061,PENBRAYA,False,,,,,
VAC1062,CMV immune globulin,True,,,,,
VAC1063,"Hepatitis C vaccine, unspecified",True,,,,,
VAC1064,"HIV vaccine, unspecified",True,,,,,
VAC1065,Leprosy vaccine,True,,,,,
VAC1066,"Melanoma vaccine, unspecified",True,,,,,
VAC1067,"Streptococcus pyogenes vaccine, unspecified",True,,,,,
VAC1068,"Rift Valley fever vaccine, unspecified",True,,,,,
VAC1069,Vaccinia immune globulin,True,,,,,
VAC1070,FLUZONE HIGH-DOSE QUADRIVALENT SOUTHERN HEMISPHERE,False,,,,,
VAC1071,"RSV antibody or vaccine, unspecified",True,,,,,
VAC1072,"COVID-19 mRNA vaccine, original virus, 25 µg, unspecified",True,,,,,
VAC1073,"Lyme disease vaccine, unspecified",True,,,,,
VAC1074,CYFENDUS,False,,,,,
VAC1075,"Acellular anthrax vaccine, unspecified",True,,,,,
VAC1076,UROMUNE (MV 140),False,,,,,
VAC1077,ENVAX-A71,False,,,,,
VAC1078,ENVACGEN,False,,,,,
VAC1079,VAX-SPIRAL,False,,,,,
VAC1080,COVAXIN,False,,,,,
VAC1081,BAYGAM,False,,,,,
VAC1082,BAYHEP B,False,,,,,
VAC1083,BAYRAB,False,,,,,
VAC1084,BAYTET,False,,,,,
VAC1085,MYCOBAX,False,,,,,
VAC1086,PNEUMUNE,False,,,,,
VAC1087,HYPERTET,False,DIN-02520087,HYPERTET,True,1,1
VAC1088,HYPERRAB,False,DIN-02486571,HYPERRAB,True,1,1
VAC1089,HYPERHEP B,False,DIN-02379473,HYPERHEP B,True,1,1
VAC1090,MENZB,False,,,,,
VAC1091,VARIZIG,False,DIN-02442183,VARIZIG,True,1,1
VAC1092,KAMRAB,False,,,,,
VAC1093,HEPAGAM,False,DIN-02290979,HEPAGAM,True,1,1
VAC1094,OROCHOL,False,,,,,
VAC1095,MVA85A,False,,,,,
VAC1096,MORCVAX,False,,,,,
VAC1097,CYTOGAM,False,DIN-02231962,CYTOGAM,True,1,1
VAC1098,XANAFLU,False,,,,,
VAC1099,BABYBIG,False,,,,,
VAC1100,BOTULISM ANTITOXIN BEHRING,False,,,,,
VAC1101,DOTARICIN,False,,,,,
VAC1102,HIB-IMMUNE,False,,,,,
VAC1103,HIB-VAX,False,,,,,
VAC1104,DIPHTHERIA ANTITOXIN B.P.,False,DIN-00454591,DIPHTHERIA ANTITOXIN B.P.,True,1,1
VAC1105,BAT EMERGENT BIOSOLUTIONS,False,,,,,
VAC1106,"COVID-19 VLP vaccine, unspecified",True,,,,,
VAC1107,"Whole inactivated Cholera vaccine, unspecified",True,,,,,
VAC1108,"COVID-19 bivalent mRNA vaccine, original virus + Omicron BA.1 variant, unspecified",True,,,,,
VAC1109,"ACW unconjugated meningococcal vaccine, unspecified",True,,,,,
VAC1110,"Meningococcal C vaccine unconjugated, unspecified",True,,,,,
VAC1111,"Japanese Encephalitis Vaccine, whole inactivated, prepared on Vero cells, unspecified",True,,,,,
VAC1112,"Live attenuated quadrivalent influenza vaccine, unspecified",True,,,,,
VAC1113,"COVID-19 protein subunit vaccine, recombinant spike protein, unspecified",True,,,,,
VAC1114,"Vaccine against typhoid fever and hepatitis A, unspecified",True,,,,,
VAC1115,"Pentavalent vaccine DTPaHibP - Diphtheria-Tetanus-Pertussis-Hib PRP-Polio, unspecified",True,,,,,
VAC1116,"Rabies vaccine, whole inactivated, prepared in Vero cell culture, unspecified",True,,,,,
VAC1117,"COVID-19 bivalent mRNA vaccine against the original virus and the Omicron BA.4/5 variant, 5 micrograms, unspecified",True,,,,,
VAC1118,"Enterovirus A71 vaccine, unspecified",True,,,,,
VAC1119,"COVID-19 inactivated vaccine, whole virus, authorized, unspecified",True,,,,,
VAC1120,"Trivalent leptospirosis vaccine, unspecified",True,,,,,
VAC1121,"Hexavalent vaccine DTPaHibPHepB - Diphtheria-Tetanus-Pertussis-Hib-Polio-Hepatitis B 10µg, unspecified",True,,,,,
VAC1122,"1st generation live smallpox vaccine, unspecified",True,,,,,
VAC1123,"Live attenuated trivalent influenza vaccine, unspecified",True,,,,,
VAC1124,"Inactivated whole virus COVID-19 vaccine, in clinical trial, unspecified",True,,,,,
VAC1125,"Hepatitis B vaccine, unspecified",True,,,,,
VAC1126,"Pentavalent DTP Hib vaccine - Diphtheria-Tetanus-Pertussis-Hib PRP-Polio, unspecified",True,,,,,
VAC1127,"Immunoglobulin against hepatitis A, measles, chickenpox and rubella, unspecified",True,,,,,
VAC1128,"COVID-19 plasmid DNA vaccine, unspecified",True,,,,,
VAC1129,"COVID-19 protein subunit vaccine, recombinant spike protein in nanoparticles, unspecified",True,,,,,
VAC1130,"Trivalent inactivated seasonal influenza vaccine and tetanus toxoid, unspecified",True,,,,,
VAC1131,"17-valent unconjugated pneumococcal vaccine, unspecified",True,,,,,
VAC1132,"COVID-19 bivalent mRNA vaccine, original virus + Omicron BA.4/5 variant, 1.5 micrograms, unspecified",True,,,,,
VAC1133,"Meningococcal ACWY polysaccharide conjugate vaccine, unspecified",True,,,,,
VAC1134,"Live attenuated vaccine against Argentine hemorrhagic fever, Junin virus, unspecified",True,,,,,
VAC1135,"COVID-19 Plasmid DNA vaccine with non-replicating viral vector, adenovirus encoding the spike protein of SARS-CoV-2, by inhalation, unspecified",True,,,,,
VAC1136,"23-valent Pneumococcus conjugate vaccine, unspecified",True,,,,,
VAC1137,"Whole inactivated tick-borne encephalitis vaccine, strain K23, unspecified",True,,,,,
VAC1138,COVID-19 recombinant protein subunit vaccine,True,,,,,
VAC1139,"COVID-19 vaccine, non-replicating vector, Newcastle disease virus encoding the SARS-CoV-2 spike protein, unspecified",True,,,,,
VAC1140,"COVID-19 bivalent mRNA vaccine against the original virus and the Omicron BA.4/5 variant, 25 micrograms, unspecified",True,,,,,
VAC1141,"Bird Flu H5N8 Vaccine, unspecified",True,,,,,
VAC1142,"COVID-19 vaccine, non-replicating vector, antigen-presenting cells, unspecified",True,,,,,
VAC1143,"COVID-19 vaccine with non-replicating viral vector, adenovirus encoding the spike protein of SARS-CoV-2, unspecified",True,,,,,
VAC1144,"COVID-19 protein subunit vaccine, recombinant SARS-CoV-2 spike protein, S-2P and CpG1018, unspecified",True,,,,,
VAC1145,"Recombinant hepatitis B vaccine, three antigens, unspecified",True,,,,,
VAC1146,"Inactivated quadrivalent influenza vaccine, high dose, unspecified",True,,,,,
VAC1147,"Human monoclonal antibody against respiratory syncytial virus (RSV), nirsevimab, unspecified",True,,,,,
VAC1148,"Haemophilus influenzae type b vaccine, unconjugated polysaccharide, unspecified",True,,,,,
VAC1149,"Oral live attenuated cholera vaccine, unspecified",True,,,,,
VAC1150,"COVID-19 mRNA vaccine encoding the spike protein of SARS-CoV-2, original virus, 30 micrograms, unspecified",True,,,,,
VAC1151,"Quadrivalent DTPeP vaccine - Diphtheria-Tetanus-Pertussis-Polio, unspecified",True,,,,,
VAC1152,"Meningococcal B vaccine containing fHbp of subfamilies A and B, unspecified",True,,,,,
VAC1153,"Quadrivalent meningococcal ACWY vaccine, diphtheria toxoid conjugate, unspecified",True,,,,,
VAC1154,"Whole inactivated mumps vaccine, unspecified",True,,,,,
VAC1155,"Plasma hepatitis B vaccine, unspecified",True,,,,,
VAC1156,"Immunoglobulin against botulism, unspecified",True,,,,,
VAC1157,"3rd generation smallpox vaccine, modified Ankara vaccinia virus, unspecified",True,,,,,
VAC1158,"COVID-19 mRNA vaccine against the Omicron XBB.1.5 variant, 3 micrograms, unspecified",True,,,,,
VAC1159,"Recombinant trivalent influenza vaccine, unspecified",True,,,,,
VAC1160,"2nd generation live smallpox vaccine, unspecified",True,,,,,
VAC1161,"Quadrivalent DTPeP vaccine - Diphtheria-Tetanus-Pertussis-Hib PRP, unspecified",True,,,,,
VAC1162,"COVID-19 mRNA vaccine, bivalent, original virus and Omicron BA.1 variant, 15 micrograms, unspecified",True,,,,,
VAC1163,"20-valent Pneumococcus conjugate vaccine, unspecified",True,,,,,
VAC1164,"Quadrivalent DTPaHib- Diphtheria-Tetanus-Pertussis-Hib PRP vaccine, unspecified",True,,,,,
VAC1165,"Diphtheria toxoid, standard dose, unspecified",True,,,,,
VAC1166,"COVID-19 mRNA vaccine encoding the SARS-CoV-2 spike protein, currently in clinical trial, unspecified",True,,,,,
VAC1167,"Acellular Pertussis Vaccine, unspecified",True,,,,,
VAC1168,"Quadrivalent DTPeHib- Diphtheria-Tetanus-Pertussis-Hib OC vaccine, unspecified",True,,,,,
VAC1169,"COVID-19 Bivalent mRNA vaccine, original virus + Omicron BA.4/5 variant, 15 micrograms, unspecified",True,,,,,
VAC1170,"Non-replicating viral vector COVID-19 vaccine, chimpanzee adenovirus ChadOx1 encoding the SARS-CoV-2 spike protein",True,,,,,
VAC1171,"Inactivated trivalent influenza vaccine, high dose, unspecified",True,,,,,
VAC1172,"Diphtheria toxoid, reduced dose, unspecified",True,,,,,
VAC1173,"COVID-19 vaccine with replicative viral vector, influenza virus encoding the spike protein of SARS-CoV-2, unspecified",True,,,,,
VAC1174,"Pentavalent DTPaPHepB vaccine - Diphtheria-Tetanus-Pertussis-Polio-Hepatitis B 10µg, unspecified",True,,,,,
VAC1175,"Inactivated trivalent influenza vaccine cell culture, normal dose, unspecified",True,,,,,
VAC1176,"COVID-19 vaccine with non-replicating viral vector, adenovirus 5 encoding the S and N proteins of SARS-CoV-2, unspecified",True,,,,,
VAC1177,"3rd generation smallpox vaccine, live vaccinia virus with minimal replication, unspecified",True,,,,,
VAC1178,"Tetravalent Dengue vaccine, live attenuated chimeric recombinant, unspecified",True,,,,,
VAC1179,"Cholera and typhoid vaccine, injectable, unspecified",True,,,,,
VAC1180,"Recombinant Lyme disease vaccine, unspecified",True,,,,,
VAC1181,"Pentavalent vaccine DTPeHibHepB - Diphtheria-Tetanus-Pertussis-Hib PRP-HepatitisB 10µg, unspecified",True,,,,,
VAC1182,"Meningococcal ACWY polysaccharide vaccine conjugated to tetanus toxoid, unspecified",True,,,,,
VAC1183,"Non-replicating viral vector Ebola vaccine, unspecified",True,,,,,
VAC1184,"Meningococcal C polysaccharide vaccine conjugated to tetanus toxoid, unspecified",True,,,,,
VAC1185,"COVID-19 vaccine with non-replicating viral vector, adenovirus 26 encoding the spike protein of SARS-CoV-2, unspecified",True,,,,,
VAC1186,"COVID-19 vaccine with replicative viral vector with antigen-presenting cells, unspecified",True,,,,,
VAC1187,"COVID-19 vaccine with replicative viral vector, measles virus encoding the SARS-CoV-2 spike protein, unspecified",True,,,,,
VAC1188,"COVID-19 mRNA vaccine encoding the spike protein of SARS-CoV-2, original virus, 3 micrograms, unspecified",True,,,,,
VAC1189,"Non-replicating vector COVID-19 vaccine, modified Ankara vaccine encoding the SARS-CoV-2 spike protein, unspecified",True,,,,,
VAC1190,"COVID-19 vaccine with replicative viral vector, vesicular stomatitis virus encoding the SARS-CoV-2 spike protein, unspecified",True,,,,,
VAC1191,"Vaccine for the prevention of urinary infections in women, unspecified",True,,,,,
VAC1192,"Pentavalent vaccine DTPePHibHepB - Diphtheria-Tetanus-Pertussis-Hib OC-HepatitisB 10µg, unspecified",True,,,,,
VAC1193,"Japanese encephalitis vaccine, live recombinant attenuated, unspecified",True,,,,,
VAC1194,"Tetanus, typhoid and paratypoid A and B vaccines, unspecified",True,,,,,
VAC1195,"COVID-19 vaccine with non-replicating viral vector, adenovirus 26 encoding the spike protein of SARS-CoV-2, in clinical trial, unspecified",True,,,,,
VAC1196,"Japanese encephalitis vaccine, whole inactivated prepared from murine brain tissue, unspecified",True,,,,,
VAC1197,"COVID-19 vaccine with chimpanzee adenovirus and self-amplifying mRNA, unspecified",True,,,,,
VAC1198,"Chinkungunya vaccine, live attenuated, unspecified",True,,,,,
VAC1199,"Recombinant vesicular stomatitis replicative viral vector Ebola vaccine (rVSV) - EBOV GP glycoprotein, unspecified",True,,,,,
VAC1200,"Quadrivalent influenza vaccine, on cell culture, unspecified",True,,,,,
VAC1201,"Tetravalent Dengue vaccine, live attenuated chimeric recombinant based on 17D yellow fever vaccine, unspecified",True,,,,,
VAC1202,"COVID-19 vaccine with live attenuated virus, unspecified",True,,,,,
VAC1203,"Brucellosis vaccine, protein (P.I. antigen)",True,,,,,
VAC1204,"COVID-19 protein subunit vaccine, recombinant spike protein, with adjuvant, unspecified",True,,,,,
VAC1205,"Ebola virus vaccine, recombinant live non-replicating viral vector Ad26.ZEBOV, unspecified",True,,,,,
VAC1206,"COVID-19 vaccine with self-amplifying mRNA, unspecified",True,,,,,
VAC1207,"COVID-19 vaccine with replicative viral vector, Newcastle disease virus encoding the SARS-CoV-2 spike protein, unspecified",True,,,,,
VAC1208,"Quadrivalent DTPeHepB vaccine - Diphtheria-Tetanus-Pertussis-HepatitisB 10µg, unspecified",True,,,,,
VAC1209,"Measles vaccine, whole inactivated, unspecified",True,,,,,
VAC1210,"COVID-19 mRNA vaccine encoding the SARS-CoV-2 spike protein, original virus, 100 micrograms, unspecified",True,,,,,
VAC1211,"Meningococcal C polysaccharide vaccine conjugated to CRM197 protein, unspecified",True,,,,,
VAC1212,"Trivalent Poliomyelitis vaccine, whole inactivated oral, unspecified",True,,,,,
VAC1213,"Cholera vaccine containing recombinant cholera toxin B subunit and inactivated whole V. cholerae O1 bacteria, unspecified",True,,,,,
VAC1214,"COVID-19 mRNA vaccine encoding the SARS-CoV-2 spike protein, against the Omicron XBB.1.5 variant, 10µg, unspecified",True,,,,,
VAC1215,"Hexavalent vaccine DTPaHibPHepB - Diphtheria-Tetanus-Pertussis-Hib OMP-Polio-Hepatitis B 10µg, unspecified",True,,,,,
VAC1216,"Quadrivalent DTPaHepB vaccine - Diphtheria-Tetanus-Pertussis-Hepatitis B 10µg, unspecified",True,,,,,
VAC1217,"Vaccine against hepatitis B and Haemophilus influenzae type b, unspecified",True,,,,,
VAC1218,"Meningococcal A polysaccharide vaccine conjugated to tetanus toxoid, unspecified",True,,,,,
VAC1219,"Hexavalent vaccine DTPeHibMCV-A-C-T - Diphtheria-Tetanus-Pertussis-Hib PRP-Meningococcus A and C, conjugated with tetanus toxoid, unspecified",True,,,,,
VAC1220,"Meningococcal CY and anti-Haemophilus influenzae type b vaccine, conjugated with tetanus toxoid, unspecified",True,,,,,
VAC1221,"Trivalent vaccine against diphtheria, tetanus and rubella, unspecified",True,,,,,
VAC1222,"Human monoclonal antibody against respiratory syncytial virus (RSV), palivizumab, unspecified",True,,,,,
VAC1223,"Immunoglobulin against respiratory syncytial virus (RSV), unspecified",True,,,,,
VAC1224,"Respiratory syncytial virus (RSV) vaccine, recombinant, F-glycoprotein (prefusion) RSV subtypes A and B, unspecified",True,,,,,
VAC1225,"DT-TAB Diphtheria, tetanus, typhoid and paratypoid A and B vaccines, unspecified",True,,,,,
VAC1226,"Combined hepatitis A and B vaccine, pediatric dose, unspecified",True,,,,,
VAC1227,"Recombinant hepatitis B vaccine, pediatric dose, unspecified",True,,,,,
VAC1228,"Respiratory syncytial virus (RSV) vaccine, recombinant, F protein-derived RSVPreF3 antigen, unspecified",True,,,,,
VAC1229,Vaccine against meningococcal serogroups B (outer membrane vesicle proteins) and C,True,,,,,
VAC1230,"Meningococcal C and anti-Haemophilus influenzae type b vaccine, conjugated with tetanus toxoid, unspecified",True,,,,,
VAC1231,"Pentavalent vaccine DTPaHibHepB- Diphtheria-Tetanus-Pertussis-Hib PRP-Hepatitis B 10μg, unspecified",True,,,,,
VAC1232,"Acellular pertussis vaccine, reduced dose, unspecified",True,,,,,
VAC1233,"10-valent Pneumococcus conjugate vaccine, unspecified",True,,,,,
VAC1234,"15-valent unconjugated pneumococcal vaccine, unspecified",True,,,,,
VAC1235,"RIX4414 monovalent rotavirus vaccine, unspecified",True,,,,,
VAC1236,"COVID-19 protein subunit vaccine, recombinant spike protein in nanoparticles, Omicron subvariant XBB.1.5, unspecified",True,,,,,
VAC1237,"Pre-erythrocytic malaria vaccine, unspecified",True,,,,,
VAC1238,"Vaccine against hepatitis B and malaria, unspecified",True,,,,,
VAC1239,"15-valent Pneumococcus conjugate vaccine, unspecified",True,,,,,
VAC1240,"4-component meningococcal B vaccine, unspecified",True,,,,,
VAC1241,"Shingles vaccine, varicella-zoster virus (VZV) surface glycoprotein E (gE), unspecified",True,,,,,
VAC1242,"COVID-19 mRNA vaccine encoding the SARS-CoV-2 spike protein, Omicron XBB.1.5 variant, 25 micrograms",True,,,,,
VAC1243,"COVID-19 mRNA vaccine encoding the SARS-CoV-2 spike protein, Omicron XBB.1.5 variant, 50 micrograms",True,,,,,
VAC1244,"COVID-19 mRNA vaccine encoding the SARS-CoV-2 spike protein, Omicron XBB.1.5 variant, 30 micrograms",True,,,,,
VAC1245,"ABCWY meningococcal vaccine, unspecified",True,,,,,
VAC1246,VACCIN COVID-GRIPPE ARN MRNA-1083,False,,,,,
VAC1247,"Hepatitis A vaccine, unspecified",True,,,,,
VAC1248,"Influenza/Covid 19 mRNA vaccine, unspecified",True,,,,,
VAC1249,"Flu vaccine, trivalent inactivated, high dose, intradermal use, unspecified",True,,,,,
VAC1250,EUVICHOL-S,False,,,,,
VAC1251,EUVICHOL-PLUS,False,,,,,
VAC1252,JE-CV,False,,,,,
VAC1253,CHIMERIVAX-JE,False,,,,,
VAC1254,CAPVAXIVE,False,,,,,
VAC1255,HEXASIIL,False,,,,,
VAC1256,"Hexavalent vaccine DTwPHibPHepB - Diphtheria-Tetanus-Pertussis-Hib-Polio-Hepatitis B 15µg, unspecified",True,,,,,
VAC1257,"Cholera vaccine, whole inactivated oral, bivalent containing the whole inactivated V. cholerae O1 and O139 bacteria, unspecified",True,,,,,
VAC1258,COMIRNATY JN.1 30 µg,False,,,,,
VAC1259,COMIRNATY JN.1 10 µg,False,,,,,
VAC1260,COMIRNATY JN.1 3 µg,False,,,,,
VAC1261,NUVAXOVID JN.1,False,,,,,
VAC1262,MRESVIA,False,,,,,
VAC1263,"COVID-19 mRNA vaccine encoding the SARS-COV-2 spike protein, authorized",True,,,,,
VAC1264,"A(H5) avian influenza vaccine, unspecified",True,,,,,
VAC1265,CLODIVAC,False,,,,,
VAC1266,PENMENVY,False,,,,,
VAC1267,VIMKUNYA,False,,,,,
VAC1268,SPIKEVAX JN.1 50 µg,False,,,,,
VAC1269,"SPIKEVAX JN.1 0,1 mg/mL dose 25 µg",False,,,,,
VAC1270,"SPIKEVAX JN.1 0,1 mg/mL dose 50 µg",False,,,,,
VAC1271,TYT BIOMED,False,,,,,
VAC1272,PSEUDOVAC,False,,,,,
VAC1273,DT BIOMED,False,,,,,
VAC1274,d BIOMED,False,,,,,
VAC1275,D BIOMED,False,,,,,
VAC1276,DTP BIOMED,False,,,,,
VAC1277,"Vaccine against chikungunya, unspecified",True,,,,,
VAC1278,WALRINVAX,False,,,,,
VAC1279,Adjuvanted adsorbed anthrax vaccine,True,,,,,
VAC1280,"21-valent pneumococcal conjugate vaccine, unspecified",True,,,,,
VAC1281,PENTABIO,False,,,,,
VAC1282,FLUBIO INFLUENZA HA,False,,,,,
VAC1283,INDOVAC,False,,,,,
VAC1284,NUSAGARD,False,,,,,
VAC1285,NOPV2 BIO FARMA,False,,,,,
VAC1286,VAKSIN COVID-19 BIO FARMA,False,,,,,
VAC1287,VAKSIN HEPATITIS B BIO FARMA,False,,,,,
VAC1288,VAKSIN POLIOMYELITIS BIO FARMA,False,,,,,
VAC1289,VAKSIN POLIOMYELITIS BIVALEN BIO FARMA,False,,,,,
VAC1290,MOPV1 BIO FARMA,False,,,,,
VAC1291,MOPV2 BIO FARMA,False,,,,,
VAC1292,BIO-TCV,False,,,,,
VAC1293,VAKSIN BCG KERING,False,,,,,
VAC1294,BIO-TD,False,,,,,
VAC1295,DT BIO FARMA,False,,,,,
VAC1296,DTP BIO FARMA,False,,,,,
VAC1297,TT BIO FARMA,False,,,,,
VAC1298,BETT,False,,,,,
VAC1299,BEVAC 10 µg,False,,,,,
VAC1300,BEVAC 20 µg,False,,,,,
VAC1301,BE Td,False,,,,,
VAC1302,COMBE FIVE,False,,,,,
VAC1303,VLA15,False,,,,,
VAC1304,BERAB,False,,,,,
VAC1305,MRBEV,False,,,,,
VAC1306,TYPHIBEV,False,,,,,
VAC1307,JEEV 6 µg,False,,,,,
VAC1308,DT BIOLOGICAL E LTD,False,,,,,
VAC1309,NOVEL ORAL (nOPV) TYPE 2 BIOLOGICAL E. LTD,False,,,,,
VAC1310,SII TD-VAC,False,,,,,
VAC1311,"Meningococcal ACWXY conjugate vaccine, unspecified",True,,,,,
VAC1312,TT SII,False,,,,,
VAC1313,BCG SII,False,,,,,
VAC1314,MEASLES SII,False,,,,,
VAC1315,MUMPS SII,False,,,,,
VAC1316,RUBELLA SII,False,,,,,
VAC1317,CERVAVAC,False,,,,,
VAC1318,"DIPHTHERIA, TETANUS, PERTUSSIS AND HEPATITIS B SII",False,,,,,
VAC1319,"DIPHTHERIA, TETANUS, PERTUSSIS AND HAEMOPHILUS INFLUENZAE B SII",False,,,,,
VAC1320,"DIPHTHERIA, TETANUS, PERTUSSIS, HEPATITIS B AND HAEMOPHILUS INFLUENZAE B SII",False,,,,,
VAC1321,HAEMOPHILUS INFLUENZAE B SII,False,,,,,
VAC1322,PNEUMOSIL,False,,,,,
VAC1323,MENFIVE,False,,,,,
VAC1324,NASOVAC-S,False,,,,,
VAC1325,GENEVAC-B 10 µg,False,,,,,
VAC1326,GENEVAC-B 20 µg,False,,,,,
VAC1327,HEPATITIS B SII,False,,,,,
VAC1328,TUBERVAC,False,,,,,
VAC1329,FLU-M,False,,,,,
VAC1330,FLU-M TETRA,False,,,,,
VAC1331,CELLDEMIC,False,,,,,
VAC1332,COMIRNATY KP.2 3 µg,False,,,,,
VAC1333,COMIRNATY KP.2 10 µg,False,,,,,
VAC1334,COMIRNATY KP.2 30 µg,False,,,,,
VAC1335,INCELLIPAN,False,,,,,
VAC1336,KOSTAIVE,False,,,,,
VAC1337,CONVACELL,False,,,,,
VAC1338,ZOONOTIC,False,,,,,
VAC1339,BIMERVAX XBB.1.16,False,,,,,
VAC1340,"SPIKEVAX BA.1 0,1 mg/mL dose 50 µg",False,,,,,
VAC1341,"COVID-19 mRNA vaccine encoding the SARS-CoV-2 spike protein, Omicron XBB.1.5 variant, unspecified dose",True,,,,,
VAC1342,IPVAX,False,,,,,
VAC1343,BORYUNG CELL CULTURE-DERIVED JAPANESE ENCEPHALITIS VACCINE,False,,,,,
VAC1344,BORYUNG JAPANESE ENCEPHALITIS VACCINE,False,,,,,
VAC1345,ZEROTYPH,False,,,,,
VAC1346,FLU QUADRIVALENT MCV,False,,,,,
VAC1347,EFLUELDA,False,,,,,
VAC1348,TETANA,False,,,,,
VAC1349,TY BIOMED,False,,,,,
VAC1350,T SIS BIOMED,False,,,,,
VAC1351,TETANA PRO,False,,,,,
VAC1352,TERATECT,False,,,,,
VAC1353,IL-YANG FLU VACCINE,False,,,,,
VAC1354,EUFORVAC,False,,,,,
VAC1355,EUPENTA,False,,,,,
VAC1356,EUVAX B 10 µg,False,,,,,
VAC1357,EUPOLIO,False,,,,,
VAC1358,SKYCELLFLU QUADRIVALENT,False,,,,,
VAC1359,SKYCELLFLU TRIVALENT,False,,,,,
VAC1360,HEPAMUNE B 10 µg,False,,,,,
VAC1361,HEPAMUNE B 20 µg,False,,,,,
VAC1362,SK TD,False,,,,,
VAC1363,HEPAVAX-GENE B 10 µg,False,,,,,
VAC1364,BIOHIB,False,,,,,
VAC1365,COMVAC5,False,,,,,
VAC1366,HILLCHOL,False,,,,,
VAC1367,HNVAC,False,,,,,
VAC1368,INCOVACC,False,,,,,
VAC1369,INDIRAB,False,,,,,
VAC1370,JENVAC,False,,,,,
VAC1371,REVAC-B MCF,False,,,,,
VAC1372,ROTAVAC,False,,,,,
VAC1373,ROTAVAC 5D,False,,,,,
VAC1374,TYPBAR-TCV,False,,,,,
VAC1375,TWINRAB,False,,,,,
VAC1376,ZYCOV-D,False,,,,,
VAC1377,VAXIFLU-4,False,,,,,
VAC1378,VACTYPH,False,,,,,
VAC1379,ZYVAC MMR,False,,,,,
VAC1380,ZYVAC TCV,False,,,,,
VAC1381,MEASLES AND RUBELLA VACCINE ZYDUS,False,,,,,
VAC1382,SKYTYPHOID,False,,,,,
VAC1383,CYVAC,False,,,,,
VAC1384,BARYCELA,False,,,,,
VAC1385,GC FLU QUADRIVALENT,False,,,,,
VAC1386,GCFLU,False,,,,,
VAC1387,SINSAVAC,False,,,,,
VAC1388,BIVAC POLIO,False,,,,,
VAC1389,INLIVE,False,,,,,
VAC1390,HEALIVE,False,,,,,
VAC1391,BILIVE,False,,,,,
VAC1392,23-VALENT SINOVAC,False,,,,,
VAC1393,PROVARIX,False,,,,,
VAC1394,POLIO SINOVAC VACCINE,False,,,,,
VAC1395,MUMPS SINOVAC VACCINE,False,,,,,
VAC1396,ANFLU,False,,,,,
VAC1397,PANFLU,False,,,,,
VAC1398,PANFLU.1,False,,,,,
VAC1399,TERTRANFLU,False,,,,,
VAC1400,SHANIPV,False,,,,,
VAC1401,9-VALENT HPV VACCINE INNOVAX,False,,,,,
VAC1402,EASYSIX,False,,,,,
VAC1403,EASYFIVE-TT,False,,,,,
VAC1404,EASYFOUR-TT,False,,,,,
VAC1405,EASYFOURPOL,False,,,,,
VAC1406,SPUTNIK V,False,,,,,
VAC1407,NOVOHIB,False,,,,,
VAC1408,ENIVACHB,False,,,,,
VAC1409,"COVID-19 mRNA vaccine, Omicron JN.1 subvariant, 50 micrograms per dose, multidose vial",True,,,,,
VAC1410,"COVID-19 mRNA vaccine, Omicron JN.1 subvariant, 25 micrograms per dose, multidose vial",True,,,,,
VAC1411,"COVID-19 mRNA vaccine, subvariant Omicron JN.1, 30 micrograms, adult dose (+ 12 years)",True,,,,,
VAC1412,"COVID-19 mRNA vaccine, subvariant Omicron JN.1, 10 micrograms, paediatric dose (5-11 years)",True,,,,,
VAC1413,"COVID-19 mRNA vaccine, subvariant Omicron JN.1, 3 micrograms, dose (6 months-4 years)",True,,,,,
VAC1414,"COVID-19 vaccine, protein subunit, recombinant spike protein nanoparticles, with adjuvant (Matrix M), Omicron JN.1 subvariant",True,,,,,
VAC1415,Polyvalent vaccine against  pus bacterium Pseudomonas aeruginosa,True,,,,,
VAC1416,"COVID-19 mRNA vaccine, subvariant Omicron KP.2, 3 micrograms, paediatric dose (6 months-4 years)",True,,,,,
VAC1417,"COVID-19 mRNA vaccine, subvariant Omicron KP.2, 10 micrograms, paediatric dose (5-11 years)",True,,,,,
VAC1418,"COVID-19 mRNA vaccine, subvariant Omicron KP.2, 30 micrograms, adult (+ 12 years)",True,,,,,
VAC1419,"Chikungunya VLP vaccine (recombinant, adsorbed)",True,,,,,
VAC1420,Single-stranded 5' capped mRNA encoding the Respiratory syncytial virus glycoprotein F stabilized in the prefusion conformation,True,,,,,
VAC1421,"COVID-19 vaccine, mRNA encoding the SARS-CoV-2 spike protein, original virus",True,,,,,
VAC1422,"COVID-19 protein subunit vaccine, recombinant N protein",True,,,,,
VAC1423,Live attenuated influenza A(H1N1)pdm09 pandemic vaccine,True,,,,,
VAC1424,"10-valent pneumococcal polysaccharide conjugate vaccine, serotypes 1, 5, 6A, 6B, 7F, 9V, 14, 19A, 19F and 23F",True,,,,,
VAC1425,"Typhoid vaccine, Vi antigen conjugated to CRM197 protein",True,,,,,
VAC1426,Bivalent recombinant vaccine against human papillomavirus (types 16 and 18) (Pichia pastoris),True,,,,,
VAC1427,"Whole inactivated Japanese encephalitis vaccine, prepared in Vero cells, 6 micrograms",True,,,,,
VAC1428,"COVID-19 vaccine, protein subunit, recombinant homodimeric RBD protein, Omicron variant XBB.1.16, with adjuvant (SQBA)",True,,,,,
VAC1429,TETANEA,False,,,,,
VAC1430,"COVID-19 bivalent mRNA vaccine against the original virus and the Omicron BA.4/5 variant, 50 micrograms, unspecified",True,,,,,
VAC1431,"RSV vaccine, unspecified",True,,,,,
VAC1432,"Argentine hemorrhagic fever vaccine, Junin virus, unspecified",True,,,,,
VAC1433,"Plague vaccine, unspecified",True,,,,,
VAC1434,"Meningococcal A vaccine, unspecified",True,,,,,
VAC1435,"Rabies vaccine, inactivated, whole virion, cell culture-based, unspecified",True,,,,,
VAC1436,"Rabies vaccine, inactivated, whole virion, prepared from animal brain tissue infected with rabies virus, unspecified",True,,,,,
VAC1437,"Meningococcal vaccine, monovalent, conjugate",True,,,,,
VAC1438,"Influenza vaccine, trivalent, inactivated, fractionated or subunit, adjuvanted",True,,,,,
VAC1439,"Meningococcal vaccine, polyvalent, conjugate polysaccharide",True,,,,,
VAC1440,"Influenza vaccine, quadrivalent, inactivated, fractionated or subunit, adjuvanted, normal dose",True,,,,,
VAC1441,"Influenza vaccine, quadrivalent, inactivated, split or subunit, intradermal route, unspecified",True,,,,,
VAC1442,"Influenza vaccine, quadrivalent, virosomal, unspecified",True,,,,,
VAC1443,"Influenza vaccine, trivalent, virosomal, unspecified",True,,,,,
VAC1444,"Influenza vaccine, trivalent, VLP, unspecified",True,,,,,
VAC1445,"Avian influenza vaccine, mRNA",True,,,,,
VAC1446,"Japanese encephalitis vaccine, inactivated, whole-virus, derived from Vero cells, 3 micrograms",True,,,,,
VAC1447,VACCIN BCG SYNTHAVERSE,False,,,,,
VAC1448,BCG VACCINE MERCK,False,,,,,
VAC1449,DITANRIX-PEDIATRIC,False,,,,,
VAC1450,HEPACARE,False,,,,,
VAC1451,CHIROFLU,False,,,,,
VAC1452,SCI-B-VAC,False,,,,,
VAC1453,INVIVAC,False,,,,,
VAC1454,PRIMAVAX,False,,,,,
VAC1455,MENGIVAC A + C,False,,,,,
VAC1456,WYVAC,False,,,,,
VAC1457,TETRA-SOLGEN,False,,,,,
VAC1458,TRIDIPIGEN,False,,,,,
VAC1459,TRINFAGEN N0.1,False,,,,,
VAC1460,SOLGEN,False,,,,,
VAC1461,DIFTET,False,,,,,
VAC1462,PNU-IMUNE 14,False,,,,,
VAC1463,FREEZE-DRIED BCG VACCINE JAPAN,False,,,,,
VAC1464,FLUBRON VACCINE,False,,,,,
VAC1465,PERDIPIGEN,False,,,,,
VAC1466,COMIRNATY LP.8.1 30 µg,False,,,,,
VAC1467,COMIRNATY LP.8.1 3 µg 6 MOIS-4 ANS,False,,,,,
VAC1468,COMIRNATY LP.8.1 10 µg 5-11 ans,False,,,,,
VAC1469,mNEXSPIKE,False,,,,,
VAC1470,"COVID-19 mRNA vaccine, subvariant Omicron LP.8.1, 3 micrograms, paediatric dose (6 months-4 years)",True,,,,,
VAC1471,"COVID-19 mRNA vaccine, subvariant Omicron LP.8.1, 30 micrograms, adult (+ 12 years)",True,,,,,
VAC1472,"COVID-19 mRNA vaccine, subvariant Omicron LP.8.1, 10 micrograms, paediatric dose (5-11 years)",True,,,,,
VAC1473,"COVID-19 mRNA vaccine, encoding a fragment of the SARS-CoV-2 spike protein, Omicron LP.8.1 subvariant",True,,,,,
VAC1474,ENFLONSIA (CLESROVIMAB),False,,,,,
VAC1475,"Human monoclonal antibody against respiratory syncytial virus (RSV), clesrovimab, unspecified",True,,,,,
VAC1476,"Meningococcal vaccine against A, C, W, Y (conjugated polysaccharide) and B",True,,,,,
VAC1477,ENCEPUR N ENFANT,False,,,,,
VAC1478,SYNAGIS 50 mg (PALIZIVUMAB),False,,,,,
VAC1479,VACPERTAGEN,False,,,,,
VAC1480,PNEUMOVAX 23,False,,,,,
VAC1481,FLUVACCINOL,False,,,,,
VAC1482,IMMUNOGLOBULINE HUMAINE DE L'HÉPATITE B LFB,False,,,,,
VAC1483,ENCEPUR N,False,,,,,
VAC1484,HEPRECOMB ENFANT,False,,,,,
VAC1485,GEN H-B-VAX 5,False,,,,,
VAC1486,GEN H-B-VAX 10,False,,,,,
VAC1487,PREVENAR-7,False,,,,,
VAC1488,POLIORIX,False,,,,,
VAC1489,CELTURA,False,,,,,
VAC1490,ALMEVAX,False,,,,,
VAC1491,RUBEVAC,False,,,,,
VAC1492,POLIOMYELITIS IMPFSTOFF BERNA,False,,,,,
VAC1493,ACEL P,False,,,,,
VAC1494,DITEBOOSTER,False,,,,,
VAC1495,POLIO KOPROWSKI K1-K2-K3,False,,,,,
VAC1496,POLIO LILLY,False,,,,,
